title,price,pages,reviews,value_per_page,link
Leadership Strategy and Tactics: Field Manual,440.0,320,7739,0.7272727272727273,https://www.amazon.in/dp/1529033004/?coliid=I2HIEH4IL5ARM6&colid=1YZ6P9CMSTI9C&psc=1&ref_=list_c_wl_lv_vv_lig_dp_it
Hyperfocus:How to Work Less to Achieve More,403.0,256,3545,0.6352357320099256,https://www.amazon.in/dp/1035036282/?coliid=ICTFCT0T3Y6T6&colid=1YZ6P9CMSTI9C&psc=1&ref_=list_c_wl_lv_vv_lig_dp_it
PITCH ANYTHING,488.0,240,218,0.4918032786885246,https://www.amazon.in/dp/0071332480/?coliid=I1N1XJ4EKECZ63&colid=1YZ6P9CMSTI9C&psc=1&ref_=list_c_wl_lv_vv_lig_dp_it
The Art of Spending Money,360.0,256,,0.7111111111111111,https://www.amazon.in/dp/1804093696/?coliid=I2FY91H8H3LF4T&colid=1YZ6P9CMSTI9C&psc=1&ref_=list_c_wl_lv_vv_lig_dp_it
ONLY THE PARANOID SURVIVE: HOW TO SURVIVE THE CRISIS POINTS THAT CHALLENGE EVERY COMPANY (Old Edition),314.0,226,364,0.7197452229299363,https://www.amazon.in/dp/1861975139/?coliid=IPY2CI4ZVC6OZ&colid=1YZ6P9CMSTI9C&psc=1&ref_=list_c_wl_lv_vv_lig_dp_it
Made in Japan: Akio Morita and the Sony Corporation/409048,,,76,,https://www.amazon.in/dp/0525244654/?coliid=IG3ULFRVDHSSO&colid=1YZ6P9CMSTI9C&psc=0&ref_=list_c_wl_lv_vv_lig_dp_it
Start. Scale. Exit. Repeat: Serial Entrepreneurs’ Secrets Revealed!,572.0,472,138,0.8251748251748252,https://www.amazon.in/dp/8119792572/?coliid=IWJR3E7G723P1&colid=1YZ6P9CMSTI9C&psc=1&ref_=list_c_wl_lv_vv_lig_dp_it
CELEBRATION OF DISCIPLINE,575.0,304,4149,0.528695652173913,https://www.amazon.in/dp/0340979267/?coliid=I2V5LH782YGGSM&colid=1YZ6P9CMSTI9C&psc=1&ref_=list_c_wl_lv_vv_lig_dp_it
To Sell Is Human,370.0,272,4372,0.7351351351351352,https://www.amazon.in/dp/1786891719/?coliid=I3D67KEHW544HE&colid=1YZ6P9CMSTI9C&psc=1&ref_=list_c_wl_lv_vv_lig_dp_it
Built To Last,900.0,342,2383,0.38,https://www.amazon.in/dp/1844135845/?coliid=I5Q5E1JWRP3GT&colid=1YZ6P9CMSTI9C&psc=1&ref_=list_c_wl_lv_vv_lig_dp_it
THE BILLIONAIRE'S APPRENTICE,495.0,512,581,1.0343434343434343,https://www.amazon.in/dp/9350097362/?coliid=I2DV6ZJL6KJDZ&colid=1YZ6P9CMSTI9C&psc=1&ref_=list_c_wl_lv_vv_lig_dp_it
"The Upstarts: Uber, Airbnb and the Battle for the New Silicon Valley",467.0,464,1513,0.9935760171306209,https://www.amazon.in/dp/0552172588/?coliid=I3ETO6LZF8GSAH&colid=1YZ6P9CMSTI9C&psc=1&ref_=list_c_wl_lv_vv_lig_dp_it
WORK RULES!,489.0,416,2434,0.8507157464212679,https://www.amazon.in/dp/1444792385/?coliid=IG784E8ERDTZR&colid=1YZ6P9CMSTI9C&psc=1&ref_=list_c_wl_lv_vv_lig_dp_it
Good To Great,813.0,320,8314,0.3936039360393604,https://www.amazon.in/dp/0712676090/?coliid=I2VFSFS6KI7JQS&colid=1YZ6P9CMSTI9C&psc=1&ref_=list_c_wl_lv_vv_lig_dp_it
10x Is Easier Than 2x,407.0,296,1904,0.7272727272727273,https://www.amazon.in/dp/9388302850/?coliid=IIK8RU69700JZ&colid=1YZ6P9CMSTI9C&psc=1&ref_=list_c_wl_lv_vv_lig_dp_it
Unreasonable Hospitality: The Remarkable Power of Giving People More Than They Expect,599.0,288,4462,0.48080133555926546,https://www.amazon.in/dp/1529146828/?coliid=I11C0USRS5E3IR&colid=1YZ6P9CMSTI9C&psc=1&ref_=list_c_wl_lv_vv_lig_dp_it
The Go-Giver,437.0,,8941,,https://www.amazon.in/dp/B01LYQUUJW/?coliid=I1V15D4IGDU28V&colid=1YZ6P9CMSTI9C&psc=1&ref_=list_c_wl_lv_vv_lig_dp_it
TRACTION,1407.0,246,8477,0.17484008528784648,https://www.amazon.in/dp/1936661837/?coliid=I4DXJPFAEJB67&colid=1YZ6P9CMSTI9C&psc=1&ref_=list_c_wl_lv_vv_lig_dp_it
Money Works: The Guide to Financial Literacy,255.0,372,179,1.4588235294117646,https://www.amazon.in/dp/0143461648/?coliid=I2AM8NS92PBNOO&colid=1YZ6P9CMSTI9C&psc=1&ref_=list_c_wl_lv_vv_lig_dp_it
What They Teach You at Harvard Business School My Two Years Inside the Cauldron of Capitalism by Delves Broughton Philip,420.0,304,453,0.7238095238095238,https://www.amazon.in/dp/0141046481/?coliid=I3E83QZOAU78OL&colid=1YZ6P9CMSTI9C&psc=1&ref_=list_c_wl_lv_vv_lig_dp_it
GOOD STRATEGY/BAD STRATEGY (NEW ED),314.0,336,4449,1.070063694267516,https://www.amazon.in/dp/1781256179/?coliid=I3G7WIVDIGBGK3&colid=1YZ6P9CMSTI9C&psc=1&ref_=list_c_wl_lv_vv_lig_dp_it
"Four, The",493.87,336,4001,0.6803409804199486,https://www.amazon.in/dp/0552173436/?coliid=I23XUJK2SSN07V&colid=1YZ6P9CMSTI9C&psc=1&ref_=list_c_wl_lv_vv_lig_dp_it
The Key to Positivity: Why You’ve Got the Comfort Zone All Wrong – and How to Tap Its Power to Live Your Best Life Now,1470.0,336,44,0.22857142857142856,https://www.amazon.in/dp/1837823251/?coliid=I28V68E0G5FKA7&colid=1YZ6P9CMSTI9C&psc=1&ref_=list_c_wl_lv_vv_lig_dp_it
The Innovators,451.0,560,5710,1.2416851441241685,https://www.amazon.in/dp/1471138801/?coliid=I1PUHP45X3L549&colid=1YZ6P9CMSTI9C&psc=1&ref_=list_c_wl_lv_vv_lig_dp_it
Profit First: Transform Your Business from a Cash-Eating Monster to a Money-Making Machine,449.0,224,8228,0.49888641425389757,https://www.amazon.in/dp/821704743X/?coliid=I2FQ3E1M5GZIJP&colid=1YZ6P9CMSTI9C&psc=1&ref_=list_c_wl_lv_vv_lig_dp_it
Measure What Matters,575.0,320,9190,0.5565217391304348,https://www.amazon.in/dp/024134848X/?coliid=I29L3J54LT4HQ9&colid=1YZ6P9CMSTI9C&psc=1&ref_=list_c_wl_lv_vv_lig_dp_it
Growth: A Reckoning,701.0,368,155,0.5249643366619116,https://www.amazon.in/dp/0241703131/?coliid=I88IY1BYBHMEE&colid=1YZ6P9CMSTI9C&psc=1&ref_=list_c_wl_lv_vv_lig_dp_it
Priceless: The Hidden Psychology of Value,1288.0,344,109,0.2670807453416149,https://www.amazon.in/dp/1851688293/?coliid=I35SVOQURWAQNX&colid=1YZ6P9CMSTI9C&psc=1&ref_=list_c_wl_lv_vv_lig_dp_it
"MINDSET (REVISED AND UPDATED) [Paperback] Dweck, Carol",247.0,288,10681,1.165991902834008,https://www.amazon.in/dp/1780332009/?coliid=IN7FYL8MOZ9XH&colid=1YZ6P9CMSTI9C&psc=1&ref_=list_c_wl_lv_vv_lig_dp_it
HBR 20-Minute Manager Boxed Set (10 Book,1720.0,1244,440,0.7232558139534884,https://www.amazon.in/dp/1633690954/?coliid=I2PBFU63L8LOML&colid=1YZ6P9CMSTI9C&psc=1&ref_=list_c_wl_lv_vv_lig_dp_it
Harper Collins India Predictably Irrational: The Hidden Forces That Shape Our Decisions,279.0,304,10653,1.0896057347670252,https://www.amazon.in/dp/0007368542/?coliid=I9S14YDKNAHF1&colid=1YZ6P9CMSTI9C&psc=1&ref_=list_c_wl_lv_vv_lig_dp_it
"The Daily Stoic: 366 Meditations on Wisdom, Perseverance, and the Art of Living: Featuring new translations of Seneca, Epictetus, and Marcus Aurelius [Paperback] Holiday Hanselman, Ryan Stephen",405.0,416,19525,1.0271604938271606,https://www.amazon.in/dp/1781257655/?coliid=I17ZQ91HMHXNRI&colid=1YZ6P9CMSTI9C&psc=1&ref_=list_c_wl_lv_vv_lig_dp_it
THE 33 STRATEGIES OF WAR,595.0,496,4690,0.8336134453781513,https://www.amazon.in/dp/1861979789/?coliid=I1GC98JMMFONUI&colid=1YZ6P9CMSTI9C&psc=1&ref_=list_c_wl_lv_vv_lig_dp_it
"Blue Ocean Strategy, Expanded Edition: How to Create Uncontested Market Space and Make the Competition Irrelevant",874.0,320,5665,0.36613272311212813,https://www.amazon.in/dp/1625274491/?coliid=I15K3U2Y32Z6X6&colid=1YZ6P9CMSTI9C&psc=1&ref_=list_c_wl_lv_vv_lig_dp_it
The Goal: A Process of Ongoing Improvement,2019.0,408,7560,0.20208023774145617,https://www.amazon.in/dp/0884271951/?coliid=I2AAB9KYQM1TXQ&colid=1YZ6P9CMSTI9C&psc=1&ref_=list_c_wl_lv_vv_lig_dp_it
Million Dollar Weekend: The Surprisingly Simple Way to Launch a 7-Figure Business in 48 Hours,,240,3117,,https://www.amazon.in/dp/0002485427/?coliid=I3OSI0ANP4XXE7&colid=1YZ6P9CMSTI9C&psc=0&ref_=list_c_wl_lv_vv_lig_dp_it
The E-Myth Revisited : Why Most Small Businesses Don't Work and What to Do About It,314.0,288,11806,0.9171974522292994,https://www.amazon.in/dp/0063357054/?coliid=II3B50RT93ZGI&colid=1YZ6P9CMSTI9C&psc=1&ref_=list_c_wl_lv_vv_lig_dp_it
ReWork: Change the Way You Work Forever,478.0,288,9794,0.602510460251046,https://www.amazon.in/dp/0091929784/?coliid=I3KS4BB3LZE7ZD&colid=1YZ6P9CMSTI9C&psc=1&ref_=list_c_wl_lv_vv_lig_dp_it
EFFECTIVE EXECUTIVE,787.0,208,3369,0.26429479034307496,https://www.amazon.in/dp/0060833459/?coliid=I2FOPPSATDX0P3&colid=1YZ6P9CMSTI9C&psc=1&ref_=list_c_wl_lv_vv_lig_dp_it
Managing Up: How to Get What You Need from the People in Charge,711.0,320,30,0.450070323488045,https://www.amazon.in/dp/191170995X/?coliid=I2JMJLIOP0ETIF&colid=1YZ6P9CMSTI9C&psc=1&ref_=list_c_wl_lv_vv_lig_dp_it
The Personal MBA : Revised and 10 Anv Ed,469.0,496,7467,1.0575692963752665,https://www.amazon.in/dp/0670919535/?coliid=I2RTXTCIDUHXH3&colid=1YZ6P9CMSTI9C&psc=1&ref_=list_c_wl_lv_vv_lig_dp_it
12 RULES FOR LIFE book Fresh New Edition,,,,,https://www.amazon.in/dp/B0F79P3FBV/?coliid=I16F88HONIBT78&colid=1YZ6P9CMSTI9C&psc=0&ref_=list_c_wl_lv_vv_lig_dp_it
Quit: The Power of Knowing When to Walk Away,555.0,336,1177,0.6054054054054054,https://www.amazon.in/dp/152914616X/?coliid=I1NKKSBPSHS3AN&colid=1YZ6P9CMSTI9C&psc=1&ref_=list_c_wl_lv_vv_lig_dp_it
Scarcity: The True Cost of Not Having En,617.89,304,1339,0.4919969573872372,https://www.amazon.in/dp/0141049197/?coliid=I7YTOEETTJ3EW&colid=1YZ6P9CMSTI9C&psc=1&ref_=list_c_wl_lv_vv_lig_dp_it
"Black Swan, The : The Impact of the High",489.0,480,7324,0.9815950920245399,https://www.amazon.in/dp/0141034599/?coliid=I32XCBVCI40LID&colid=1YZ6P9CMSTI9C&psc=1&ref_=list_c_wl_lv_vv_lig_dp_it
Misbehaving,479.0,432,4530,0.9018789144050104,https://www.amazon.in/dp/0241951224/?coliid=I388DYP5DYKTKZ&colid=1YZ6P9CMSTI9C&psc=1&ref_=list_c_wl_lv_vv_lig_dp_it
Nudge: The Final Edition,906.0,384,3885,0.423841059602649,https://www.amazon.in/dp/014313700X/?coliid=IKMCV9UYYCF73&colid=1YZ6P9CMSTI9C&psc=1&ref_=list_c_wl_lv_vv_lig_dp_it
The 5 Types of Wealth : A Transformative Guide to Design Your Dream Life,363.0,384,1248,1.0578512396694215,https://www.amazon.in/dp/9365698154/?coliid=IBQIRR2QXY7C6&colid=1YZ6P9CMSTI9C&psc=1&ref_=list_c_wl_lv_vv_lig_dp_it
The Visual MBA: A Quick Guide to Everything You’ll Learn in Two Years of Business School,442.0,208,663,0.47058823529411764,https://www.amazon.in/dp/024173794X/?coliid=I3SAAEQU7TJGP7&colid=1YZ6P9CMSTI9C&psc=1&ref_=list_c_wl_lv_vv_lig_dp_it
CAPitalize Your Sales: The All-In-One Sales Framework that Saves You from Ever Struggling Again and Teaches You How to Sell with Sincerity,1219.0,215,5,0.1763740771123872,https://www.amazon.in/dp/1636984762/?coliid=I2K2FHRKULLY2G&colid=1YZ6P9CMSTI9C&psc=1&ref_=list_c_wl_lv_vv_lig_dp_it
"Skin in the Game: Hidden Asymmetries in Daily Life [Paperback] Taleb, Nassim Nicholas",418.0,304,6416,0.7272727272727273,https://www.amazon.in/dp/0141982659/?coliid=I1LS22155NBI5O&colid=1YZ6P9CMSTI9C&psc=1&ref_=list_c_wl_lv_vv_lig_dp_it
Antifragile,490.0,544,7415,1.110204081632653,https://www.amazon.in/dp/0141038225/?coliid=I2EHBRDTC36BPK&colid=1YZ6P9CMSTI9C&psc=1&ref_=list_c_wl_lv_vv_lig_dp_it
A Random Walk Down Wall Street: The Best Investment Guide That Money Can Buy,1390.0,432,652,0.3107913669064748,https://www.amazon.in/dp/1324035439/?coliid=I3EMIEGG41BCOY&colid=1YZ6P9CMSTI9C&psc=1&ref_=list_c_wl_lv_vv_lig_dp_it
Tribe of Mentors: Short Life Advice from the Best in the World,826.0,608,4816,0.7360774818401937,https://www.amazon.in/dp/1785041851/?coliid=I257OQCACB354O&colid=1YZ6P9CMSTI9C&psc=1&ref_=list_c_wl_lv_vv_lig_dp_it
No Rules Rules: Netflix and the Culture of Reinvention,440.0,320,6923,0.7272727272727273,https://www.amazon.in/dp/0753560968/?coliid=I1XSQYF6P5EVEG&colid=1YZ6P9CMSTI9C&psc=1&ref_=list_c_wl_lv_vv_lig_dp_it
No Filter: The Inside Story of Instagram – Winner of the FT Business Book of the Year Award,560.0,352,1889,0.6285714285714286,https://www.amazon.in/dp/1847942547/?coliid=I2H1OOKGEOPFKH&colid=1YZ6P9CMSTI9C&psc=1&ref_=list_c_wl_lv_vv_lig_dp_it
How To Read A Book,372.0,426,7055,1.1451612903225807,https://www.amazon.in/dp/0671212095/?coliid=I1HMI6JVDGM4BY&colid=1YZ6P9CMSTI9C&psc=1&ref_=list_c_wl_lv_vv_lig_dp_it
"Super Brain: Unleashing the explosive power of your mind to maximize health, happiness and spiritual well-being [Paperback] Chopra, Dr Deepak and Tanzi, Rudolph E.",728.0,336,1690,0.46153846153846156,https://www.amazon.in/dp/1846043670/?coliid=I1I01E0XOG20YM&colid=1YZ6P9CMSTI9C&psc=1&ref_=list_c_wl_lv_vv_lig_dp_it
Chanakya Neeti,260.0,332,2115,1.2769230769230768,https://www.amazon.in/dp/9388423577/?coliid=I1HUQKD2F8B8PJ&colid=1YZ6P9CMSTI9C&psc=1&ref_=list_c_wl_lv_vv_lig_dp_it
GRINDING IT OUT,787.0,218,2558,0.2770012706480305,https://www.amazon.in/dp/0312929870/?coliid=I2GKXMHM6ZISLT&colid=1YZ6P9CMSTI9C&psc=1&ref_=list_c_wl_lv_vv_lig_dp_it
"For God, Country, and Coca-Cola: The Definitive History of the Great American Soft Drink and the Company That Makes It",1736.63,560,153,0.3224636220726349,https://www.amazon.in/dp/0465029175/?coliid=IPJB5M0AYBU0F&colid=1YZ6P9CMSTI9C&psc=1&ref_=list_c_wl_lv_vv_lig_dp_it
Inside Coca-Cola,272.0,288,177,1.0588235294117647,https://www.amazon.in/dp/1250013712/?coliid=I1ADO4IEQSCM0M&colid=1YZ6P9CMSTI9C&psc=1&ref_=list_c_wl_lv_vv_lig_dp_it
Grinding It Out,301.0,224,2558,0.7441860465116279,https://www.amazon.in/dp/1250127505/?coliid=I28ASC29JKOR76&colid=1YZ6P9CMSTI9C&psc=1&ref_=list_c_wl_lv_vv_lig_dp_it
Everything Store: Jeff Bezos and the Age,422.0,464,12145,1.099526066350711,https://www.amazon.in/dp/0552167835/?coliid=I2VAQ2YXRMDXE6&colid=1YZ6P9CMSTI9C&psc=1&ref_=list_c_wl_lv_vv_lig_dp_it
"DELIVERING HAPPINESS:-A PATH TO PROFITS, PASSION, AND PURPOSE",262.0,304,5603,1.1603053435114503,https://www.amazon.in/dp/145550890X/?coliid=IN7PI0H054L1Z&colid=1YZ6P9CMSTI9C&psc=1&ref_=list_c_wl_lv_vv_lig_dp_it
"Invent and Wander: The Collected Writing: The Collected Writings of Jeff Bezos, With an Introduction by Walter Isaacson [Hardcover] Bezos, Jeff and Isaacson, Walter",889.0,288,3300,0.32395950506186727,https://www.amazon.in/dp/1647820715/?coliid=IGE405WA5DJDO&colid=1YZ6P9CMSTI9C&psc=1&ref_=list_c_wl_lv_vv_lig_dp_it
Hit Refresh,317.0,288,4804,0.9085173501577287,https://www.amazon.in/dp/0008247692/?coliid=I1OK4L6SS8AVUT&colid=1YZ6P9CMSTI9C&psc=1&ref_=list_c_wl_lv_vv_lig_dp_it
Onward,862.0,384,1743,0.44547563805104406,https://www.amazon.in/dp/1609613821/?coliid=I29JQB6WGZUPI8&colid=1YZ6P9CMSTI9C&psc=1&ref_=list_c_wl_lv_vv_lig_dp_it
THAT WILL NEVER WORK: THE BIRTH OF NETFLIX BY THE FIRST CEO AND CO-FOUNDER MARC RANDOLPH,409.0,320,4636,0.78239608801956,https://www.amazon.in/dp/1913068218/?coliid=I3ELCE5IFQ3BJG&colid=1YZ6P9CMSTI9C&psc=1&ref_=list_c_wl_lv_vv_lig_dp_it
The Amazon Way: Amazon's 14 Leadership Principles,266.0,168,1433,0.631578947368421,https://www.amazon.in/dp/8183286410/?coliid=IRJKTEOX5CR9G&colid=1YZ6P9CMSTI9C&psc=1&ref_=list_c_wl_lv_vv_lig_dp_it
The CEO Factory (PB),262.0,272,1743,1.0381679389312977,https://www.amazon.in/dp/9353451140/?coliid=I1Y6XCZM53UAMJ&colid=1YZ6P9CMSTI9C&psc=1&ref_=list_c_wl_lv_vv_lig_dp_it
Who,899.0,208,2501,0.23136818687430477,https://www.amazon.in/dp/0345504194/?coliid=I1TGYZ20W4BTDR&colid=1YZ6P9CMSTI9C&psc=1&ref_=list_c_wl_lv_vv_lig_dp_it
"Working Backwards: Insights, Stories, and Secrets from Inside Amazon",368.0,304,3159,0.8260869565217391,https://www.amazon.in/dp/1529033845/?coliid=I23BLS1PBWV29W&colid=1YZ6P9CMSTI9C&psc=1&ref_=list_c_wl_lv_vv_lig_dp_it
How To Know a Person: The Art of Seeing Others Deeply and Being Deeply Seen,1000.0,320,4410,0.32,https://www.amazon.in/dp/0241670292/?coliid=I220LQGEBWK7IO&colid=1YZ6P9CMSTI9C&psc=1&ref_=list_c_wl_lv_vv_lig_dp_it
"Speech Therapy: 65 Pick-Me-Ups to Get You Through Many of Life's What-The-F*cks; Now with More Words, More Wisdom, and Even More WTFs",1303.0,143,11,0.10974673829623945,https://www.amazon.in/dp/0063414058/?coliid=I2GF95P9NDN8RF&colid=1YZ6P9CMSTI9C&psc=1&ref_=list_c_wl_lv_vv_lig_dp_it
"The Advice Trap: Be Humble, Stay Curious & Change the Way You Lead Forever",320.0,248,1491,0.775,https://www.amazon.in/dp/1989603602/?coliid=I17G5WK6TFIOQQ&colid=1YZ6P9CMSTI9C&psc=1&ref_=list_c_wl_lv_vv_lig_dp_it
Leadership Is Language,699.0,352,1192,0.5035765379113019,https://www.amazon.in/dp/0241373662/?coliid=I3K2VMYQDQV4RB&colid=1YZ6P9CMSTI9C&psc=1&ref_=list_c_wl_lv_vv_lig_dp_it
Don’t Shut Up,334.08,280,179,0.8381226053639848,https://www.amazon.in/dp/0670099783/?coliid=ICUKEYXJBOJQ3&colid=1YZ6P9CMSTI9C&psc=1&ref_=list_c_wl_lv_vv_lig_dp_it
80/20 Sales and Marketing: The Definitive Guide to Working Less and Making More,329.0,256,1230,0.7781155015197568,https://www.amazon.in/dp/8183286488/?coliid=I23I4WV21XTW9F&colid=1YZ6P9CMSTI9C&psc=1&ref_=list_c_wl_lv_vv_lig_dp_it
The Mountain Is You: Transforming Self-Sabotage Into Self-Mastery (English),242.0,248,22393,1.024793388429752,https://www.amazon.in/dp/9355434146/?coliid=I4AM3MHBPAZ0M&colid=1YZ6P9CMSTI9C&psc=1&ref_=list_c_wl_lv_vv_lig_dp_it
Dead Companies Walking,1357.0,256,798,0.18865143699336773,https://www.amazon.in/dp/125089316X/?coliid=I1Z7FXKGQJRU1S&colid=1YZ6P9CMSTI9C&psc=1&ref_=list_c_wl_lv_vv_lig_dp_it
Never Split the Difference: Negotiating as If Your Life Depended on It | Master Negotiation Skills | Proven Techniques for Success in Life & Business,419.0,288,45370,0.6873508353221957,https://www.amazon.in/dp/1847941494/?coliid=I2WUT1LAQT2MQU&colid=1YZ6P9CMSTI9C&psc=1&ref_=list_c_wl_lv_vv_lig_dp_it
"Thinking, Fast and Slow: Master the Art of Decision-Making, Biases, and Cognitive Psychology in this Comprehensive Guide on Human Thinking",479.0,512,31832,1.068893528183716,https://www.amazon.in/dp/0141033576/?coliid=I1SDKD0RS26RRJ&colid=1YZ6P9CMSTI9C&psc=1&ref_=list_c_wl_lv_vv_lig_dp_it
Principles: Life and Work [Hardcover] Ray Dalio,991.0,592,18000,0.5973763874873865,https://www.amazon.in/dp/1501124021/?coliid=I33H3C0V1OSH1G&colid=1YZ6P9CMSTI9C&psc=1&ref_=list_c_wl_lv_vv_lig_dp_it
Grit,419.0,464,19091,1.107398568019093,https://www.amazon.in/dp/1785040200/?coliid=I2D670QKXKJ8EK&colid=1YZ6P9CMSTI9C&psc=1&ref_=list_c_wl_lv_vv_lig_dp_it
"EGO IS THE ENEMY [Hardcover] Holiday, Ryan",418.0,256,1385,0.6124401913875598,https://www.amazon.in/dp/1781257019/?coliid=I76CO1DYR2DIH&colid=1YZ6P9CMSTI9C&psc=1&ref_=list_c_wl_lv_vv_lig_dp_it
Ogilvy On Advertising,433.0,288,217,0.6651270207852193,https://www.amazon.in/dp/1802794964/?coliid=I2W5F5C7SGTHVH&colid=1YZ6P9CMSTI9C&psc=1&ref_=list_c_wl_lv_vv_lig_dp_it
Pandeymonium : Piyush Pandey on Advertis: Piyush Pandey on Advertising,397.0,264,880,0.6649874055415617,https://www.amazon.in/dp/0143427652/?coliid=I29QE44NTPW3WM&colid=1YZ6P9CMSTI9C&psc=1&ref_=list_c_wl_lv_vv_lig_dp_it
This is Marketing,646.0,208,5029,0.3219814241486068,https://www.amazon.in/dp/0241370140/?coliid=I3QNT46J8TE063&colid=1YZ6P9CMSTI9C&psc=1&ref_=list_c_wl_lv_vv_lig_dp_it
Creativity Inc. an inspiring look at how creativity can - and should - be harnessed for business success by the founder of Pixar,528.0,320,10095,0.6060606060606061,https://www.amazon.in/dp/0593070100/?coliid=I1FRVN1CWCLUO9&colid=1YZ6P9CMSTI9C&psc=1&ref_=list_c_wl_lv_vv_lig_dp_it
Start With Why | A Bestselling Business Book: Discover How Great Leaders Inspire Action and Achieve Success,405.0,256,14866,0.6320987654320988,https://www.amazon.in/dp/0241958229/?coliid=IB8DY7XNAQCBG&colid=1YZ6P9CMSTI9C&psc=1&ref_=list_c_wl_lv_vv_lig_dp_it
Entreleadership,1890.0,320,1806,0.1693121693121693,https://www.amazon.in/dp/1451617852/?coliid=IV1LGRTPD4362&colid=1YZ6P9CMSTI9C&psc=1&ref_=list_c_wl_lv_vv_lig_dp_it
How to Master the Art of Selling,1478.0,416,1098,0.2814614343707713,https://www.amazon.in/dp/0446692743/?coliid=IUR94YEG6H5K5&colid=1YZ6P9CMSTI9C&psc=1&ref_=list_c_wl_lv_vv_lig_dp_it
Alchemy,420.0,320,1870,0.7619047619047619,https://www.amazon.in/dp/0753556529/?coliid=I1M6AH7QLELWTX&colid=1YZ6P9CMSTI9C&psc=1&ref_=list_c_wl_lv_vv_lig_dp_it
$100M Offers: How To Make Offers So Good People Feel Stupid Saying No,,164,18124,,https://www.amazon.in/dp/173747574X/?coliid=I3Q0WOGORT41MN&colid=1YZ6P9CMSTI9C&psc=0&ref_=list_c_wl_lv_vv_lig_dp_it
Subliminal: How Your Unconscious Mind Rules Your Behavior,1281.0,272,1514,0.21233411397345825,https://www.amazon.in/dp/0307472256/?coliid=IS8GIPLLENQ6Q&colid=1YZ6P9CMSTI9C&psc=1&ref_=list_c_wl_lv_vv_lig_dp_it
"CULTURE MAP : DECODING HOW PEOPLE THINK,",695.0,288,3007,0.4143884892086331,https://www.amazon.in/dp/1610392760/?coliid=I2TFTCM2DWJ4QC&colid=1YZ6P9CMSTI9C&psc=1&ref_=list_c_wl_lv_vv_lig_dp_it
Win Every Argument,456.0,336,1279,0.7368421052631579,https://www.amazon.in/dp/9390742439/?coliid=I1LBXEJ82KBUA3&colid=1YZ6P9CMSTI9C&psc=1&ref_=list_c_wl_lv_vv_lig_dp_it
CRUCIAL CONVERSATIONS,461.0,304,1688,0.6594360086767896,https://www.amazon.in/dp/9355323352/?coliid=I25IXH9D5XF16V&colid=1YZ6P9CMSTI9C&psc=1&ref_=list_c_wl_lv_vv_lig_dp_it
Supercommunicators,546.0,320,2215,0.5860805860805861,https://www.amazon.in/dp/1529939607/?coliid=I1QG8GNA3N4TFK&colid=1YZ6P9CMSTI9C&psc=1&ref_=list_c_wl_lv_vv_lig_dp_it
Six Pillars of Self-Esteem,613.0,368,3180,0.600326264274062,https://www.amazon.in/dp/0553374397/?coliid=I2KB51QOUBIC1O&colid=1YZ6P9CMSTI9C&psc=1&ref_=list_c_wl_lv_vv_lig_dp_it
Active Listening Techniques:30 Practical Tools to Hone Your Communication Skills,184.0,172,339,0.9347826086956522,https://www.amazon.in/dp/9389995949/?coliid=I1KCZNHR5FDH2S&colid=1YZ6P9CMSTI9C&psc=1&ref_=list_c_wl_lv_vv_lig_dp_it
Getting to Yes,359.0,240,10435,0.6685236768802229,https://www.amazon.in/dp/1847940935/?coliid=I1CBN7W9F953PF&colid=1YZ6P9CMSTI9C&psc=1&ref_=list_c_wl_lv_vv_lig_dp_it
The Art of Dealing With People,125.0,70,1207,0.56,https://www.amazon.in/dp/8183226744/?coliid=I111HS0WXF8W92&colid=1YZ6P9CMSTI9C&psc=1&ref_=list_c_wl_lv_vv_lig_dp_it
Atomic Attraction: The Psychology of Attraction,998.0,314,1782,0.31462925851703405,https://www.amazon.in/dp/1999872223/?coliid=ICHB8GEGO7B3F&colid=1YZ6P9CMSTI9C&psc=1&ref_=list_c_wl_lv_vv_lig_dp_it
DEFINITIVE BK OF BODY LANGUAGE,1819.0,400,2939,0.2199010445299615,https://www.amazon.in/dp/0553804723/?coliid=I1BBIPSSSWE0WC&colid=1YZ6P9CMSTI9C&psc=1&ref_=list_c_wl_lv_vv_lig_dp_it
"Behave: The bestselling exploration of why humans behave as they do [Paperback] Sapolsky, Robert M",491.0,800,8606,1.629327902240326,https://www.amazon.in/dp/009957506X/?coliid=I1R0C649BUYEG1&colid=1YZ6P9CMSTI9C&psc=1&ref_=list_c_wl_lv_vv_lig_dp_it
THE ART OF READING MINDS,454.0,256,336,0.5638766519823789,https://www.amazon.in/dp/1529391075/?coliid=I1DSQAGWKP5S5T&colid=1YZ6P9CMSTI9C&psc=1&ref_=list_c_wl_lv_vv_lig_dp_it
The Definitive Book of Body Language,358.0,386,2939,1.0782122905027933,https://www.amazon.in/dp/8183220142/?coliid=I2XNKLUWD0KRRJ&colid=1YZ6P9CMSTI9C&psc=1&ref_=list_c_wl_lv_vv_lig_dp_it
How to Listen with Intention,,198,1856,,https://www.amazon.in/dp/1647431743/?coliid=I3VUQ2F0KGMDT3&colid=1YZ6P9CMSTI9C&psc=0&ref_=list_c_wl_lv_vv_lig_dp_it
Negotiation Genius,593.0,352,1128,0.5935919055649241,https://www.amazon.in/dp/0553384112/?coliid=I19L0OHLKOW5UW&colid=1YZ6P9CMSTI9C&psc=1&ref_=list_c_wl_lv_vv_lig_dp_it
YES! 10TH ANNIVERSARY EDITION,389.0,288,119,0.7403598971722365,https://www.amazon.in/dp/1781257426/?coliid=I19GRCUBPZ64UM&colid=1YZ6P9CMSTI9C&psc=1&ref_=list_c_wl_lv_vv_lig_dp_it
"Communication Skills: A Practical Guide to Improving Your Social Intelligence, Presentation, Persuasion and Public Speaking: 9 (Positive Psychology Coaching)",982.0,158,1258,0.16089613034623218,https://www.amazon.in/dp/1515031918/?coliid=IOO8T05DT17Z1&colid=1YZ6P9CMSTI9C&psc=1&ref_=list_c_wl_lv_vv_lig_dp_it
VERBAL JUDO 2E PB,836.0,224,4237,0.2679425837320574,https://www.amazon.in/dp/0062107704/?coliid=I2UX7882U2LCOA&colid=1YZ6P9CMSTI9C&psc=1&ref_=list_c_wl_lv_vv_lig_dp_it
Pre-Suasion: A Revolutionary Way to Influence and Persuade,440.0,432,3261,0.9818181818181818,https://www.amazon.in/dp/1847941435/?coliid=I2Y86JC0AOXYH5&colid=1YZ6P9CMSTI9C&psc=1&ref_=list_c_wl_lv_vv_lig_dp_it
"WAY OF THE WOLF: Straight Line Selling - Master the Art of Persuasion, Influence, and Success",378.0,256,8213,0.6772486772486772,https://www.amazon.in/dp/1473674816/?coliid=I30H90W5WDXHIQ&colid=1YZ6P9CMSTI9C&psc=1&ref_=list_c_wl_lv_vv_lig_dp_it
Sell or Be Sold: How to Get Your Way in Business and in Life,1976.04,200,3721,0.10121252606222546,https://www.amazon.in/dp/1608322564/?coliid=I2O4WBSDCMV3AN&colid=1YZ6P9CMSTI9C&psc=1&ref_=list_c_wl_lv_vv_lig_dp_it
Peoplewatching: The Desmond Morris Guide to Body Language,748.0,544,370,0.7272727272727273,https://www.amazon.in/dp/0099429780/?coliid=I3G1BEPQ34WUMS&colid=1YZ6P9CMSTI9C&psc=1&ref_=list_c_wl_lv_vv_lig_dp_it
How To Sell Anything To Anybody,300.0,192,1139,0.64,https://www.amazon.in/dp/0743273966/?coliid=I11XN5B2SGJU2X&colid=1YZ6P9CMSTI9C&psc=1&ref_=list_c_wl_lv_vv_lig_dp_it
Don't Sell Make them Buy : Upgrade Your Selling Skills,212.0,184,374,0.8679245283018868,https://www.amazon.in/dp/9392834713/?coliid=I2UERGL9X6RBAK&colid=1YZ6P9CMSTI9C&psc=1&ref_=list_c_wl_lv_vv_lig_dp_it
"Cues: Master the Secret Language of Charismatic Communication [Paperback] Van Edwards, Vanessa",708.0,320,1317,0.4519774011299435,https://www.amazon.in/dp/0241554934/?coliid=I211EPKTQHT56A&colid=1YZ6P9CMSTI9C&psc=1&ref_=list_c_wl_lv_vv_lig_dp_it
The Art Of Persuasion,253.0,238,1094,0.9407114624505929,https://www.amazon.in/dp/9381860289/?coliid=I1ANYKZWX1QA49&colid=1YZ6P9CMSTI9C&psc=1&ref_=list_c_wl_lv_vv_lig_dp_it
Like Switch,1749.0,288,1632,0.1646655231560892,https://www.amazon.in/dp/1476754489/?coliid=I39BFIL6B00XFU&colid=1YZ6P9CMSTI9C&psc=1&ref_=list_c_wl_lv_vv_lig_dp_it
Captivate,649.0,320,3271,0.4930662557781202,https://www.amazon.in/dp/024130993X/?coliid=I15GKED1M43KMA&colid=1YZ6P9CMSTI9C&psc=1&ref_=list_c_wl_lv_vv_lig_dp_it
Influence is Your Superpower,378.0,304,513,0.8042328042328042,https://www.amazon.in/dp/1785042386/?coliid=I3MWYMCH84R99B&colid=1YZ6P9CMSTI9C&psc=1&ref_=list_c_wl_lv_vv_lig_dp_it
Presence: Unlock your inner confidence to embrace life's biggest challenges,529.0,320,3694,0.6049149338374291,https://www.amazon.in/dp/1409156028/?coliid=I18AXWNE96VI9W&colid=1YZ6P9CMSTI9C&psc=1&ref_=list_c_wl_lv_vv_lig_dp_it
What's in it for Them?: 9 Genius Networking Principles to Get What You Want by Helping Others Get What They Want,1419.0,255,192,0.17970401691331925,https://www.amazon.in/dp/1401975852/?coliid=I1VJ4NF5HYD6OD&colid=1YZ6P9CMSTI9C&psc=1&ref_=list_c_wl_lv_vv_lig_dp_it
"Never Eat Alone: And Other Secrets to Success, One Relationship at a Time [Paperback] Keith Ferrazzi and Tahl Raz",472.0,400,1267,0.847457627118644,https://www.amazon.in/dp/0241004950/?coliid=I1Q0IJ7RMIH6U3&colid=1YZ6P9CMSTI9C&psc=1&ref_=list_c_wl_lv_vv_lig_dp_it
"Understanding Body Language: How to Decode Nonverbal Communication in Life, Love, and Work",210.0,160,1448,0.7619047619047619,https://www.amazon.in/dp/938999568X/?coliid=I31QE7APQYC1VJ&colid=1YZ6P9CMSTI9C&psc=1&ref_=list_c_wl_lv_vv_lig_dp_it
"The Coaching Habit: Say Less, Ask More & Change the Way You Lead Forever",308.0,244,354,0.7922077922077922,https://www.amazon.in/dp/1989603610/?coliid=I2JJHKLKHHY4EE&colid=1YZ6P9CMSTI9C&psc=1&ref_=list_c_wl_lv_vv_lig_dp_it
Exactly What to Say,236.0,148,5820,0.6271186440677966,https://www.amazon.in/dp/198960367X/?coliid=I1YVLY6LLCHXTK&colid=1YZ6P9CMSTI9C&psc=1&ref_=list_c_wl_lv_vv_lig_dp_it
"Think Faster, Talk Smarter",639.0,352,736,0.5508607198748043,https://www.amazon.in/dp/1035024969/?coliid=I2Z5IQ7WTDPBE&colid=1YZ6P9CMSTI9C&psc=1&ref_=list_c_wl_lv_vv_lig_dp_it
The First Minute: How to start conversations that get results (Business Communication Skills),169.0,126,99,0.7455621301775148,https://www.amazon.in/dp/8119373510/?coliid=I2DV69X7SL6YNJ&colid=1YZ6P9CMSTI9C&psc=1&ref_=list_c_wl_lv_vv_lig_dp_it
Listen Like You Mean It,455.0,336,133,0.7384615384615385,https://www.amazon.in/dp/1529074010/?coliid=IWX2WL1SY2O61&colid=1YZ6P9CMSTI9C&psc=1&ref_=list_c_wl_lv_vv_lig_dp_it
Rejection Proof: How to Beat Fear and Become Invincible,419.0,240,2024,0.5727923627684964,https://www.amazon.in/dp/1847941451/?coliid=I36ZDFSGPUP0TI&colid=1YZ6P9CMSTI9C&psc=1&ref_=list_c_wl_lv_vv_lig_dp_it
MAKE YOURSELF UNFORGETTABLE,280.0,240,652,0.8571428571428571,https://www.amazon.in/dp/0857206796/?coliid=I3RDYXNLSEHY1W&colid=1YZ6P9CMSTI9C&psc=1&ref_=list_c_wl_lv_vv_lig_dp_it
"THE FINE ART OF SMALL TALK: HOW TO START A CONVERSATION, KEEP IT GOING, BUILD NETWORKING SKILLS – AN",432.0,272,458,0.6296296296296297,https://www.amazon.in/dp/0349436177/?coliid=I2AD3ZWRMOAHAH&colid=1YZ6P9CMSTI9C&psc=1&ref_=list_c_wl_lv_vv_lig_dp_it
How to Instantly Connect With Anyone,1166.89,336,205,0.28794487912313926,https://www.amazon.in/dp/009193544X/?coliid=I1VA7JX46WENFX&colid=1YZ6P9CMSTI9C&psc=1&ref_=list_c_wl_lv_vv_lig_dp_it
"Doesn't Hurt to Ask: Using the Power of Questions to Communicate, Connect, and Persuade",1663.0,288,5059,0.17318099819603128,https://www.amazon.in/dp/0593138910/?coliid=I1DP0A4AG1AVZ4&colid=1YZ6P9CMSTI9C&psc=1&ref_=list_c_wl_lv_vv_lig_dp_it
"WORDS THAT WORK: IT'S NOT WHAT YOU SAY, IT'S WHAT PEOPLE HEAR / LUNTZ, FRANK I.",973.0,368,781,0.37821171634121276,https://www.amazon.in/dp/1401309291/?coliid=I3DGC4WX6TOT8U&colid=1YZ6P9CMSTI9C&psc=1&ref_=list_c_wl_lv_vv_lig_dp_it
Difficult Conversations : How to Discuss,,352,3846,,https://www.amazon.in/dp/0143118447/?coliid=I1FTNJFSGGLY2G&colid=1YZ6P9CMSTI9C&psc=0&ref_=list_c_wl_lv_vv_lig_dp_it
"The Only Negotiating Guide You'll Ever Need, Revised and Updated: 101 Ways to Win Every Time in Any Situation",1668.0,304,137,0.18225419664268586,https://www.amazon.in/dp/1524758906/?coliid=IV41QKW8ZA5P2&colid=1YZ6P9CMSTI9C&psc=1&ref_=list_c_wl_lv_vv_lig_dp_it
How to Listen,327.0,288,176,0.8807339449541285,https://www.amazon.in/dp/1774581914/?coliid=I1X01XR4QYNR69&colid=1YZ6P9CMSTI9C&psc=1&ref_=list_c_wl_lv_vv_lig_dp_it
Bargaining for Advantage : Negotiation,659.0,304,821,0.4613050075872534,https://www.amazon.in/dp/0143036971/?coliid=I23XSGQRMQTX8O&colid=1YZ6P9CMSTI9C&psc=1&ref_=list_c_wl_lv_vv_lig_dp_it
Sell or Be Sold: How to Get Your Way in Business and in Life,,200,3721,,https://www.amazon.in/dp/B0B2N33XVP/?coliid=I3SX8WMKM3TSBL&colid=1YZ6P9CMSTI9C&psc=0&ref_=list_c_wl_lv_vv_lig_dp_it
Art of Negotiation,808.0,294,278,0.36386138613861385,https://www.amazon.in/dp/1912615126/?coliid=I30RDTMM499F1V&colid=1YZ6P9CMSTI9C&psc=1&ref_=list_c_wl_lv_vv_lig_dp_it
NEGOTIATION: The Brian Tracy Success Library,208.0,112,357,0.5384615384615384,https://www.amazon.in/dp/9387383075/?coliid=I1BASCNXKU4F31&colid=1YZ6P9CMSTI9C&psc=1&ref_=list_c_wl_lv_vv_lig_dp_it
Sales Success: The Brian Tracy Success Library (English),218.0,128,204,0.5871559633027523,https://www.amazon.in/dp/9387383105/?coliid=I3RX5I9DRJSPBC&colid=1YZ6P9CMSTI9C&psc=1&ref_=list_c_wl_lv_vv_lig_dp_it
"Leadership and Management Strategy Collection - The Prince, The Art of War, and Arthashastra – English | Best Classic Books collection to Learn Economics/ Leadership / Political Management Strategy | Reference Guide for Philosophy/Financial/ Warfare Tactics",399.0,784,71,1.9649122807017543,https://www.amazon.in/dp/9354409075/?coliid=I2V1J2AWYPY24K&colid=1YZ6P9CMSTI9C&psc=1&ref_=list_c_wl_lv_vv_lig_dp_it
"Psychological Warfare and Deception: What You Need to Know about Human Behavior, Dark Psychology, Propaganda, Negotiation, Manipulation, and Persuasion",1379.0,222,37,0.16098622189992748,https://www.amazon.in/dp/1954029160/?coliid=I51GY6RZ1GA2V&colid=1YZ6P9CMSTI9C&psc=1&ref_=list_c_wl_lv_vv_lig_dp_it
"Read People Like a Book: How to Analyze, Understand, and Predict People’s Emotions, Thoughts, Intentions, and Behaviors",289.0,176,6108,0.6089965397923875,https://www.amazon.in/dp/B0C23SF7NQ/?coliid=I5Z5N3F4AMQGL&colid=1YZ6P9CMSTI9C&psc=1&ref_=list_c_wl_lv_vv_lig_dp_it
