title,author,price,pages,reviews,avg_rating,value_per_page,link,asin,wishlist_name,format,scraped_timestamp
Bitwise,David Auerbach,629.0,304,29,4.4,2.0690789473684212,https://www.amazon.in/dp/1101871296/?coliid=I2RCYSCFRZBLY3&colid=OPIB1KQBJDHR&psc=1&ref_=list_c_wl_lv_vv_lig_dp_it,1101871296,IT Books,"Hardcover

₹629.00",2025-07-21T20:02:57.002555
Google Power Search,Stephan Spencer,,96,22,4.3,,https://www.amazon.in/dp/9350234556/?coliid=I19P0ST3EN277H&colid=OPIB1KQBJDHR&psc=0&ref_=list_c_wl_lv_vv_lig_dp_it,9350234556,IT Books,"Paperback

—",2025-07-21T20:02:58.538799
"Software Architecture in Practice | Mobility, Cloud software, AI/Machine Learning | 4th Edition | - Pearson","Len Bass, Paul Clements, ",657.0,400,2,4.5,1.6425,https://www.amazon.in/dp/8196874340/?coliid=I19JVMEUF8SB99&colid=OPIB1KQBJDHR&psc=1&ref_=list_c_wl_lv_vv_lig_dp_it,8196874340,IT Books,"Paperback

₹657.00",2025-07-21T20:02:58.550975
The Code Breaker,Walter Isaacson,421.0,560,13042,4.6,0.7517857142857143,https://www.amazon.in/dp/1398518603/?coliid=I2191QKG0QK32K&colid=OPIB1KQBJDHR&psc=1&ref_=list_c_wl_lv_vv_lig_dp_it,1398518603,IT Books,"Paperback

₹421.00",2025-07-21T20:02:59.190415
The Linux Command Line: A Complete Introduction,William Shotts,2229.0,504,1934,4.7,4.4226190476190474,https://www.amazon.in/dp/1593279523/?coliid=IYI0SYM71NNH0&colid=OPIB1KQBJDHR&psc=1&ref_=list_c_wl_lv_vv_lig_dp_it,1593279523,IT Books,"Paperback

₹2,229.00",2025-07-21T20:03:08.744130
"Artificial Intelligence: A Modern Approach, 4e",Russell/Norvig,813.0,1292,431,4.4,0.6292569659442725,https://www.amazon.in/dp/9356063575/?coliid=IS5LZ6ZSE3XBP&colid=OPIB1KQBJDHR&psc=1&ref_=list_c_wl_lv_vv_lig_dp_it,9356063575,IT Books,"Paperback

₹813.00",2025-07-21T20:03:09.396174
"UNIX and Linux Handbook, 5e","Evi Nemeth, Garth Snyder, , , ",993.0,1136,85,4.6,0.8741197183098591,https://www.amazon.in/dp/9353062853/?coliid=IKWBWCMS6QQGC&colid=OPIB1KQBJDHR&psc=1&ref_=list_c_wl_lv_vv_lig_dp_it,9353062853,IT Books,"Paperback

₹993.00",2025-07-21T20:03:10.113130
Mastering the Data Paradox : Key to Winning in the AI Age |Ultimate guide to learn about artificial intelligence,Nitin Seth,450.0,400,542,4.8,1.125,https://www.amazon.in/dp/014346552X/?coliid=I2VIQJ1KNT6I2J&colid=OPIB1KQBJDHR&psc=1&ref_=list_c_wl_lv_vv_lig_dp_it,014346552X,IT Books,"Hardcover

₹450.00",2025-07-21T20:03:12.057404
The Unicorn Project,Gene Kim,1425.0,352,4551,4.6,4.048295454545454,https://www.amazon.in/dp/1942788762/?coliid=I37KSX7VL7HTG8&colid=OPIB1KQBJDHR&psc=1&ref_=list_c_wl_lv_vv_lig_dp_it,1942788762,IT Books,"Hardcover

₹1,425.00",2025-07-21T20:03:16.898198
"The Phoenix Project: A Novel about It, Devops, and Helping Your Business Win",Gene Kim,1225.0,400,14119,4.6,3.0625,https://www.amazon.in/dp/1942788290/?coliid=I1VGZZ1G4N1LTQ&colid=OPIB1KQBJDHR&psc=1&ref_=list_c_wl_lv_vv_lig_dp_it,1942788290,IT Books,"Paperback

₹1,225.00",2025-07-21T20:03:18.007278
How Computers Work,"Ron White, Tim Downs",689.0,384,54,4.6,1.7942708333333333,https://www.amazon.in/dp/8183335993/?coliid=I2HWXFN2VP29C8&colid=OPIB1KQBJDHR&psc=1&ref_=list_c_wl_lv_vv_lig_dp_it,8183335993,IT Books,"Paperback

₹694.00",2025-07-21T20:03:19.158407
Computer Networks: A Top-Down Approach,"Behrouz A. Forouzan, Firouz Mosharraf",695.0,952,114,4.2,0.7300420168067226,https://www.amazon.in/dp/9355324901/?coliid=I3O8GYNXAM5BDS&colid=OPIB1KQBJDHR&psc=1&ref_=list_c_wl_lv_vv_lig_dp_it,9355324901,IT Books,"Paperback

₹695.00",2025-07-21T20:03:21.580331
Data Communications and Networking with TCPIP Protocol Suite| 6th Edition,Behrouz A. Forouzan,829.0,856,103,4.5,0.9684579439252337,https://www.amazon.in/dp/9355320949/?coliid=I2W2OJHTNSJ2QV&colid=OPIB1KQBJDHR&psc=1&ref_=list_c_wl_lv_vv_lig_dp_it,9355320949,IT Books,"Paperback

₹829.00",2025-07-21T20:03:25.434821
"The Phoenix Project: A Novel about IT, DevOps, and Helping Your Business Win (Grayscale Indian Edition)","Gene Kim, Kevin Behr, George Spafford",1225.0,356,11,4.7,3.441011235955056,https://www.amazon.in/dp/9355428588/?coliid=I2RP6E227SOXVG&colid=OPIB1KQBJDHR&psc=1&ref_=list_c_wl_lv_vv_lig_dp_it,9355428588,IT Books,"Paperback

₹1,225.00",2025-07-21T20:03:27.129207
Data Structures and Algorithms in Python (An Indian Adaptation),"Michael T. Goodrich, , ",736.0,808,311,4.5,0.9108910891089109,https://www.amazon.in/dp/9354247865/?coliid=I1QDQTUCQ3BAWU&colid=OPIB1KQBJDHR&psc=1&ref_=list_c_wl_lv_vv_lig_dp_it,9354247865,IT Books,"Paperback

₹736.00",2025-07-21T20:03:28.152939
Algorithms Illuminated (Part 1),Tim Roughgarden,1214.0,228,440,4.6,5.324561403508772,https://www.amazon.in/dp/0999282905/?coliid=I3UFYF97ZH49QB&colid=OPIB1KQBJDHR&psc=1&ref_=list_c_wl_lv_vv_lig_dp_it,0999282905,IT Books,"Paperback

₹1,200.00",2025-07-21T20:03:32.812811
"Python Programming: An Introduction to Computer Science, Fourth Edition (Grayscale Indian Edition)",John M. Zelle,1600.0,576,28,4.6,2.7777777777777777,https://www.amazon.in/dp/9355424957/?coliid=I32SRBM6E6850W&colid=OPIB1KQBJDHR&psc=1&ref_=list_c_wl_lv_vv_lig_dp_it,9355424957,IT Books,"Paperback

₹1,600.00",2025-07-21T20:03:35.123030
"Python Crash Course, 3rd Edition: A Hands-On, Project-Based Introduction to Programming",Eric Matthes,1599.0,552,1713,4.5,2.8967391304347827,https://www.amazon.in/dp/1718502702/?coliid=I3KL7KCYRN5ARD&colid=OPIB1KQBJDHR&psc=1&ref_=list_c_wl_lv_vv_lig_dp_it,1718502702,IT Books,"Paperback

₹1,599.00",2025-07-21T20:03:35.573391
"The Elements of Computing Systems, second edition: Building a Modern Computer from First Principles","Noam Nisan, Shimon Schocken",2944.0,344,226,4.8,8.55813953488372,https://www.amazon.in/dp/0262539802/?coliid=IBMMXYP032RQD&colid=OPIB1KQBJDHR&psc=1&ref_=list_c_wl_lv_vv_lig_dp_it,0262539802,IT Books,"Paperback

₹2,944.00",2025-07-21T20:03:37.372267
"C++ Programming Language, 4e",Bjarne Stroustrup,988.0,1364,280,4.4,0.7243401759530792,https://www.amazon.in/dp/9356060134/?coliid=I2JZK89LHAEA9S&colid=OPIB1KQBJDHR&psc=1&ref_=list_c_wl_lv_vv_lig_dp_it,9356060134,IT Books,"Paperback

₹988.00",2025-07-21T20:03:40.605948
Death by Screens: how to present high-stakes digital-design work and live to tell the tale,Ben Sauer,1811.0,176,23,4.6,10.289772727272727,https://www.amazon.in/dp/1739355709/?coliid=IOP51MT2MSNNP&colid=OPIB1KQBJDHR&psc=1&ref_=list_c_wl_lv_vv_lig_dp_it,1739355709,IT Books,"Paperback

₹1,811.00",2025-07-21T20:03:45.206256
"C PROGRAMMING LANGUAGE, 2ND EDN",Brian W. Kernighan / Dennis Ritchie,431.0,288,4036,4.4,1.4965277777777777,https://www.amazon.in/dp/9332549443/?coliid=I2FC5FO89WQ44R&colid=OPIB1KQBJDHR&psc=1&ref_=list_c_wl_lv_vv_lig_dp_it,9332549443,IT Books,"Paperback

₹431.00",2025-07-21T20:03:45.826460
"Articulating Design Decisions: Communicate with Stakeholders, Keep Your Sanity, and Deliver the Best User Experience, Second Edition (Greyscale Indian Edition)",Tom Greever,974.0,240,509,4.6,4.058333333333334,https://www.amazon.in/dp/9385889257/?coliid=I18YEQETWZ9AKA&colid=OPIB1KQBJDHR&psc=1&ref_=list_c_wl_lv_vv_lig_dp_it,9385889257,IT Books,"Paperback

₹974.00",2025-07-21T20:03:47.367123
"Linux Pocket Guide: Essential Commands, Fourth Edition (Grayscale Indian Edition)",Daniel J. Barrett,1000.0,372,51,4.8,2.6881720430107525,https://www.amazon.in/dp/935542695X/?coliid=I1FDY2GPQIS4G&colid=OPIB1KQBJDHR&psc=1&ref_=list_c_wl_lv_vv_lig_dp_it,935542695X,IT Books,"Paperback

₹1,000.00",2025-07-21T20:03:51.143728
The Golden Ratio In UX Design : And Other Articles On User Experience,Amolendu H.,268.0,96,25,3.4,2.7916666666666665,https://www.amazon.in/dp/164983070X/?coliid=ILQA5W4AZG943&colid=OPIB1KQBJDHR&psc=1&ref_=list_c_wl_lv_vv_lig_dp_it,164983070X,IT Books,"Paperback

₹268.00",2025-07-21T20:03:55.233158
"CSS: The Definitive Guide - Web Layout and Presentation, Fifth Edition (Grayscale Indian Edition)","Eric Meyer, Estelle Weyl",3725.0,1128,36,4.8,3.3023049645390072,https://www.amazon.in/dp/9355429703/?coliid=I2ZLPU0B6XST33&colid=OPIB1KQBJDHR&psc=1&ref_=list_c_wl_lv_vv_lig_dp_it,9355429703,IT Books,"Paperback

₹3,725.00",2025-07-21T20:03:55.244977
"I, WOZ",Steve Wozniak,623.0,352,1417,4.3,1.7698863636363635,https://www.amazon.in/dp/0755314085/?coliid=I1OA6XSRDKIT8V&colid=OPIB1KQBJDHR&psc=1&ref_=list_c_wl_lv_vv_lig_dp_it,0755314085,IT Books,"Paperback

₹623.00",2025-07-21T20:03:57.137316
Hackers,STEVEN LEVY,2136.0,499,694,4.5,4.280561122244489,https://www.amazon.in/dp/1449388396/?coliid=I3NWXKN88EZJLD&colid=OPIB1KQBJDHR&psc=1&ref_=list_c_wl_lv_vv_lig_dp_it,1449388396,IT Books,"Paperback

₹2,136.00",2025-07-21T20:04:00.676333
AI 2041,"Kai-Fu Lee, Chen Qiufan",,480,1806,4.4,,https://www.amazon.in/dp/0753559013/?coliid=I3N3M6HKIL7M9X&colid=OPIB1KQBJDHR&psc=0&ref_=list_c_wl_lv_vv_lig_dp_it,0753559013,IT Books,"Paperback

—",2025-07-21T20:04:04.306293
THE SOUL OF A NEW MACHINE,Tracy Kidder,874.0,320,1535,4.5,2.73125,https://www.amazon.in/dp/0316491977/?coliid=IUX0VL74K3J0P&colid=OPIB1KQBJDHR&psc=1&ref_=list_c_wl_lv_vv_lig_dp_it,0316491977,IT Books,"Paperback

₹874.00",2025-07-21T20:04:05.514597
Google It,Anna Crowley Redding,562.0,240,114,4.2,2.341666666666667,https://www.amazon.in/dp/125079210X/?coliid=IU9AW0J22T1WH&colid=OPIB1KQBJDHR&psc=1&ref_=list_c_wl_lv_vv_lig_dp_it,125079210X,IT Books,"Paperback

₹562.00",2025-07-21T20:04:08.297873
"Programming Arduino: Getting Started with Sketches, Second Edition",Simon Monk,,192,1760,4.6,,https://www.amazon.in/dp/1259641635/?coliid=IAEDFKIH19FDZ&colid=OPIB1KQBJDHR&psc=0&ref_=list_c_wl_lv_vv_lig_dp_it,1259641635,IT Books,"Paperback

—",2025-07-21T20:04:13.277681
Beginner's Step-by-Step Coding Course,DK,967.0,360,1921,4.5,2.686111111111111,https://www.amazon.in/dp/0241358736/?coliid=I2EIYWFVGBIUSU&colid=OPIB1KQBJDHR&psc=1&ref_=list_c_wl_lv_vv_lig_dp_it,0241358736,IT Books,"Hardcover

₹967.00",2025-07-21T20:04:15.742513
Designing Brand Identity: An Essential Guide for the Whole Branding Team,"Alina Wheeler, Debbie Millman",3698.0,336,705,4.6,11.005952380952381,https://www.amazon.in/dp/1118980824/?coliid=I222MW6X5LPY7J&colid=OPIB1KQBJDHR&psc=1&ref_=list_c_wl_lv_vv_lig_dp_it,1118980824,IT Books,"Hardcover

₹3,698.00",2025-07-21T20:04:16.281086
Building a Story Brand: Clarify Your Message So Customers Will Listen,Donald Miller,,240,10402,4.5,,https://www.amazon.in/dp/1404107215/?coliid=I1S21F8LT52G7F&colid=OPIB1KQBJDHR&psc=0&ref_=list_c_wl_lv_vv_lig_dp_it,1404107215,IT Books,"Paperback

—",2025-07-21T20:04:16.817144
Graphic Design For Everyone,Cath Caldwell,764.0,224,351,4.6,3.4107142857142856,https://www.amazon.in/dp/024134381X/?coliid=I2SLM55A89A7RQ&colid=OPIB1KQBJDHR&psc=1&ref_=list_c_wl_lv_vv_lig_dp_it,024134381X,IT Books,"Hardcover

₹764.00",2025-07-21T20:04:22.288527
LOGO DESIGN,Julius Wiedemann,2200.0,664,303,4.5,3.3132530120481927,https://www.amazon.in/dp/3836556340/?coliid=IYX7IV50C0289&colid=OPIB1KQBJDHR&psc=1&ref_=list_c_wl_lv_vv_lig_dp_it,3836556340,IT Books,"Hardcover

₹2,200.00",2025-07-21T20:04:25.583434
Made by James: The Honest Guide to Creativity and Logo Design,"James Martin, Made by James",1299.0,224,518,4.9,5.799107142857143,https://www.amazon.in/dp/0760371490/?coliid=I2O0K3E7UZ47EE&colid=OPIB1KQBJDHR&psc=1&ref_=list_c_wl_lv_vv_lig_dp_it,0760371490,IT Books,"Hardcover

₹1,299.00",2025-07-21T20:04:26.201049
DRAPLIN DESIGN CO,Aaron James Draplin,3445.0,256,1416,4.8,13.45703125,https://www.amazon.in/dp/1419720171/?coliid=I2PT3HZP8A2LYT&colid=OPIB1KQBJDHR&psc=1&ref_=list_c_wl_lv_vv_lig_dp_it,1419720171,IT Books,"Hardcover

₹3,445.00",2025-07-21T20:04:26.288010
"Logo Design. Global Brands: Haushalte, Unternehmen, Markte",Julius Wiedemann,2200.0,512,590,4.7,4.296875,https://www.amazon.in/dp/3836576759/?coliid=IN9NIBLV3BTX7&colid=OPIB1KQBJDHR&psc=1&ref_=list_c_wl_lv_vv_lig_dp_it,3836576759,IT Books,"Hardcover

₹2,200.00",2025-07-21T20:04:31.366736
The Design of Everyday Things: Revised and Expanded Edition,Don Norman,,347,1196,4.4,,https://www.amazon.in/dp/0465055710/?coliid=I35ED5WOGIQ2XF&colid=OPIB1KQBJDHR&psc=0&ref_=list_c_wl_lv_vv_lig_dp_it,0465055710,IT Books,Unknown,2025-07-21T20:04:35.734456
Learning Domain-Driven Design: Aligning Software Architecture and Business Strategy (Grayscale Indian Edition),Vladik Khononov,1325.0,340,337,4.7,3.8970588235294117,https://www.amazon.in/dp/935542048X/?coliid=IH1GP7R8002BL&colid=OPIB1KQBJDHR&psc=1&ref_=list_c_wl_lv_vv_lig_dp_it,935542048X,IT Books,Unknown,2025-07-21T20:04:37.068215
"Programming the Raspberry Pi, Third Edition: Getting Started with Python: Bookshelf Edition",Simon Monk,1313.0,192,247,4.6,6.838541666666667,https://www.amazon.in/dp/126425735X/?coliid=I35JQX4UMQPC87&colid=OPIB1KQBJDHR&psc=1&ref_=list_c_wl_lv_vv_lig_dp_it,126425735X,IT Books,"Paperback

₹1,313.00",2025-07-21T20:04:37.777588
"Make: Getting Started With Raspberry Pi - Getting to Know the Inexpensive ARM-Powered Linux Computer, Fourth Edition (Grayscale Indian Edition)","Shawn Wallace, Matt Richardson, ",,244,19,4.5,,https://www.amazon.in/dp/9355421729/?coliid=I31J1EEFB8FXEI&colid=OPIB1KQBJDHR&psc=0&ref_=list_c_wl_lv_vv_lig_dp_it,9355421729,IT Books,Unknown,2025-07-21T20:04:40.653557
Converted: The Data-Driven Way to Win Customers' Hearts,Neil Hoyne,1298.49,240,162,4.4,5.410375,https://www.amazon.in/dp/0593420659/?coliid=I15FWAEE7QS2LG&colid=OPIB1KQBJDHR&psc=1&ref_=list_c_wl_lv_vv_lig_dp_it,0593420659,IT Books,"Hardcover

₹1,278.49",2025-07-21T20:04:47.043384
"Python in a Nutshell: A Desktop Quick Reference, 4th Edition (Grayscale Indian Edition)","Alex Martelli, , , ",2850.0,740,49,4.5,3.8513513513513513,https://www.amazon.in/dp/9355421990/?coliid=I3N1ZRF4240UWO&colid=OPIB1KQBJDHR&psc=1&ref_=list_c_wl_lv_vv_lig_dp_it,9355421990,IT Books,"Paperback

₹2,850.00",2025-07-21T20:04:47.983059
Learning Google Analytics: Creating Business Impact and Driving Insights (Grayscale Indian Edition),Mark Edmondson,1350.0,344,24,4.2,3.9244186046511627,https://www.amazon.in/dp/9355422490/?coliid=I2LRVT9FRCO6Y5&colid=OPIB1KQBJDHR&psc=1&ref_=list_c_wl_lv_vv_lig_dp_it,9355422490,IT Books,"Paperback

₹1,350.00",2025-07-21T20:04:48.860333
PHP Cookbook: Modern Code Solutions for Professional Developers (Grayscale Indian Edition),Eric A. Mann,1700.0,436,4,4.5,3.8990825688073394,https://www.amazon.in/dp/9355424191/?coliid=I2D3URPB1HFR1X&colid=OPIB1KQBJDHR&psc=1&ref_=list_c_wl_lv_vv_lig_dp_it,9355424191,IT Books,"Paperback

₹1,700.00",2025-07-21T20:04:51.846676
Full-Stack JavaScript Strategies: The Hidden Parts Every Mid-Level Developer Needs to Know,Milecia McGregor,4678.0,350,1,5.0,13.365714285714287,https://www.amazon.in/dp/1098122259/?coliid=I196IFB1X8HDF8&colid=OPIB1KQBJDHR&psc=1&ref_=list_c_wl_lv_vv_lig_dp_it,1098122259,IT Books,"Paperback

₹4,678.00",2025-07-21T20:04:55.950377
"Fluent Python: Clear, Concise, and Effective Programming, Second Edition (Grayscale Indian Edition)",Luciano Ramalho,2675.0,1012,631,4.7,2.6432806324110674,https://www.amazon.in/dp/9355420838/?coliid=I3AHNNSQAVCS3H&colid=OPIB1KQBJDHR&psc=1&ref_=list_c_wl_lv_vv_lig_dp_it,9355420838,IT Books,"Paperback

₹2,675.00",2025-07-21T20:04:58.176859
Harper Collins India Creative Confidence: Unleashing The Creative Potential Within Us All,Tom,192.0,244,3091,4.5,0.7868852459016393,https://www.amazon.in/dp/0007592515/?coliid=I35E51BFJORT5I&colid=OPIB1KQBJDHR&psc=1&ref_=list_c_wl_lv_vv_lig_dp_it,0007592515,IT Books,"Paperback

₹192.00",2025-07-21T20:04:59.099074
Statistics without Tears: An Introduction for Non-Mathematicians,Dr Derek Rowntree,404.0,208,1012,4.5,1.9423076923076923,https://www.amazon.in/dp/0141987499/?coliid=I3KQRFPCV3YT9F&colid=OPIB1KQBJDHR&psc=1&ref_=list_c_wl_lv_vv_lig_dp_it,0141987499,IT Books,"Paperback

₹404.00",2025-07-21T20:05:02.148989
"The Art of Modern PHP 8: Learn how to write modern, performant, and enterprise-ready code with the latest PHP features and practices","Joseph Edmonds, Lorna Jane Mitchell",2771.0,420,9,4.2,6.597619047619047,https://www.amazon.in/dp/1800566158/?coliid=I3NA10BNNNPQRF&colid=OPIB1KQBJDHR&psc=1&ref_=list_c_wl_lv_vv_lig_dp_it,1800566158,IT Books,"Paperback

₹2,771.00",2025-07-21T20:05:04.284008
"PHP 8 Programming Tips, Tricks and Best Practices: A practical guide to PHP 8 features, usage changes, and advanced programming techniques","Doug Bierer, Cal Evans",,528,19,4.3,,https://www.amazon.in/dp/180107187X/?coliid=I1L6YS4HAVTGVR&colid=OPIB1KQBJDHR&psc=0&ref_=list_c_wl_lv_vv_lig_dp_it,180107187X,IT Books,"Paperback

from ₹3,279.00",2025-07-21T20:05:05.848203
Mastering WooCommerce 4,Patrick Rauland,2960.0,334,31,3.9,8.862275449101796,https://www.amazon.in/dp/1838822836/?coliid=I1GNJEYVMTKKTY&colid=OPIB1KQBJDHR&psc=1&ref_=list_c_wl_lv_vv_lig_dp_it,1838822836,IT Books,"Paperback

₹2,960.00",2025-07-21T20:05:06.753218
WordPress 5 Cookbook: Actionable solutions to common problems when building websites with WordPress,Rakhitha Nimesh Ratnayake,2395.0,660,12,4.2,3.628787878787879,https://www.amazon.in/dp/1838986502/?coliid=I1UP82O7CZIKHZ&colid=OPIB1KQBJDHR&psc=1&ref_=list_c_wl_lv_vv_lig_dp_it,1838986502,IT Books,"Paperback

₹2,395.00",2025-07-21T20:05:10.400950
"WordPress 5 Complete: Build beautiful and feature-rich websites from scratch, 7th Edition",Karol Król,2321.0,432,51,4.3,5.372685185185185,https://www.amazon.in/dp/1789532019/?coliid=IWEALOE4QZ8WU&colid=OPIB1KQBJDHR&psc=1&ref_=list_c_wl_lv_vv_lig_dp_it,1789532019,IT Books,"Paperback

₹2,320.00",2025-07-21T20:05:12.779986
"Professional WordPress Plugin Development, Second Edition","Brad Williams, Justin Tadlock, ",2815.0,480,84,4.7,5.864583333333333,https://www.amazon.in/dp/1119666945/?coliid=I2UWJ19KKH9CI0&colid=OPIB1KQBJDHR&psc=1&ref_=list_c_wl_lv_vv_lig_dp_it,1119666945,IT Books,"Paperback

₹2,815.00",2025-07-21T20:05:15.258509
"Building Web Apps with WordPress: WordPress as an Application Framework, Second Edition [Paperback] Brian Messenlehner and Jason Coleman","Brian Messenlehner, Jason Coleman",2100.0,548,68,4.4,3.832116788321168,https://www.amazon.in/dp/9352139526/?coliid=I133R9SKV337FV&colid=OPIB1KQBJDHR&psc=1&ref_=list_c_wl_lv_vv_lig_dp_it,9352139526,IT Books,"Paperback

₹2,100.00",2025-07-21T20:05:16.534281
Quantum Supremacy: How Quantum Computers will Unlock the Mysteries of Science – and Address Humanity’s Biggest Challenges,Michio Kaku,985.0,304,1439,4.5,3.2401315789473686,https://www.amazon.in/dp/0241555663/?coliid=IJ49AY61CHV0I&colid=OPIB1KQBJDHR&psc=1&ref_=list_c_wl_lv_vv_lig_dp_it,0241555663,IT Books,"Hardcover

₹985.00",2025-07-21T20:05:18.364352
DK Eyewitness Books: Electricity: Discover the Story of Electricity―from the Earliest Discoveries to the Technolog,Steve Parker,,72,26,4.8,,https://www.amazon.in/dp/1465408991/?coliid=IXL3AUEUBCWJ8&colid=OPIB1KQBJDHR&psc=0&ref_=list_c_wl_lv_vv_lig_dp_it,1465408991,IT Books,"Book Supplement

₹2,736.00",2025-07-21T20:05:23.192742
"Learning JavaScript Design Patterns: A JavaScript and React Developer's Guide, Second Edition (Grayscale Indian Edition)",Addy Osmani,1200.0,300,46,4.0,4.0,https://www.amazon.in/dp/9355429800/?coliid=I283LNH2148MRU&colid=OPIB1KQBJDHR&psc=1&ref_=list_c_wl_lv_vv_lig_dp_it,9355429800,IT Books,"Paperback

₹1,200.00",2025-07-21T20:05:23.995664
THE DESIGN OF EVERYDAY THINGS,Don Norman,812.0,368,8175,4.4,2.2065217391304346,https://www.amazon.in/dp/0465050654/?coliid=I1DJ8RQZNVYFGP&colid=OPIB1KQBJDHR&psc=1&ref_=list_c_wl_lv_vv_lig_dp_it,0465050654,IT Books,"Paperback

₹812.00",2025-07-21T20:05:27.921318
"Fifth Discipline Second Edition, The",Peter M Senge,899.0,464,2209,4.6,1.9375,https://www.amazon.in/dp/1905211201/?coliid=I2GUNQ5FGN75EO&colid=OPIB1KQBJDHR&psc=1&ref_=list_c_wl_lv_vv_lig_dp_it,1905211201,IT Books,"Paperback

₹899.00",2025-07-21T20:05:29.194897
The Complete Website Planning Guide: A step-by-step guide for website owners and agencies on how to create a practical and successful scope of works for your next web design project: 1,Darryl King,1213.0,118,158,4.3,10.279661016949152,https://www.amazon.in/dp/0648053709/?coliid=I30UGVZAVIMKX9&colid=OPIB1KQBJDHR&psc=1&ref_=list_c_wl_lv_vv_lig_dp_it,0648053709,IT Books,"Paperback

₹1,213.00",2025-07-21T20:05:33.046266
Python All-in-One for Dummies,"John Shovic, Alan Simpson",873.0,712,809,4.5,1.226123595505618,https://www.amazon.in/dp/9388991214/?coliid=I1WYUT67YOSK6C&colid=OPIB1KQBJDHR&psc=1&ref_=list_c_wl_lv_vv_lig_dp_it,9388991214,IT Books,"Paperback

₹873.00",2025-07-21T20:05:34.547509
"Raspberry Pi for Dummies, 4ed",Sean McManus; Mike Cook,762.0,512,53,4.4,1.48828125,https://www.amazon.in/dp/935746042X/?coliid=I30SA6TG97TRSD&colid=OPIB1KQBJDHR&psc=1&ref_=list_c_wl_lv_vv_lig_dp_it,935746042X,IT Books,"Paperback

₹762.00",2025-07-21T20:05:36.651292
THE SELF-TAUGHT PROGRAMMER,Cory Althoff,680.0,368,1065,4.4,1.8478260869565217,https://www.amazon.in/dp/1472147103/?coliid=I1OC7QH9Z4OXK6&colid=OPIB1KQBJDHR&psc=1&ref_=list_c_wl_lv_vv_lig_dp_it,1472147103,IT Books,"Paperback

₹680.00",2025-07-21T20:05:41.647437
"The Informatio: A Work of Rare Penetration, A True History of Ideas' Daily Telegraph",James Gleick,597.0,544,1408,4.5,1.0974264705882353,https://www.amazon.in/dp/0007225741/?coliid=I1GD26DKG4NOD2&colid=OPIB1KQBJDHR&psc=1&ref_=list_c_wl_lv_vv_lig_dp_it,0007225741,IT Books,"Paperback

₹597.00",2025-07-21T20:05:43.097998
Lauren Ipsum,Carlos Bueno,499.0,145,65,4.3,3.4413793103448276,https://www.amazon.in/dp/0983647208/?coliid=I3398JUUPU93B0&colid=OPIB1KQBJDHR&psc=1&ref_=list_c_wl_lv_vv_lig_dp_it,0983647208,IT Books,"Paperback

₹499.00",2025-07-21T20:05:44.378733
Cryptonomicon,Neal Stephenson,410.0,1168,7490,4.5,0.351027397260274,https://www.amazon.in/dp/0060512806/?coliid=I1GQDJ7JP4LI8S&colid=OPIB1KQBJDHR&psc=1&ref_=list_c_wl_lv_vv_lig_dp_it,0060512806,IT Books,"Mass Market Paperback

₹410.00",2025-07-21T20:05:49.038704
INTERNET OF THINGS (IOT): Architecture and Design Principles |2nd Edition,Raj Kamal,717.0,360,10,4.1,1.9916666666666667,https://www.amazon.in/dp/9390727383/?coliid=ILZJMTJ5ARNS6&colid=OPIB1KQBJDHR&psc=1&ref_=list_c_wl_lv_vv_lig_dp_it,9390727383,IT Books,"Paperback

₹717.00",2025-07-21T20:05:51.466624
"GODEL, ESCHER, BACH",Douglas R. Hofstadter,1501.0,824,2286,4.6,1.8216019417475728,https://www.amazon.in/dp/0465026567/?coliid=I1NVOIEDIA39Z2&colid=OPIB1KQBJDHR&psc=1&ref_=list_c_wl_lv_vv_lig_dp_it,0465026567,IT Books,"Paperback

₹1,501.00",2025-07-21T20:05:53.318503
Clean Code: A Handbook of Agile Software Craftsmanship,Robert Martin,950.0,464,6402,4.5,2.0474137931034484,https://www.amazon.in/dp/0132350882/?coliid=I2V30240K7T2AO&colid=OPIB1KQBJDHR&psc=1&ref_=list_c_wl_lv_vv_lig_dp_it,0132350882,IT Books,"Paperback

₹950.00",2025-07-21T20:05:55.194832
(Old Edition) SOFTWARE ENGINEERING,"Bruce R. Maxim, Roger S. Pressman",442.0,976,180,4.3,0.45286885245901637,https://www.amazon.in/dp/9353165717/?coliid=IXJ5AYEWCJ9FI&colid=OPIB1KQBJDHR&psc=1&ref_=list_c_wl_lv_vv_lig_dp_it,9353165717,IT Books,"Paperback

₹442.00",2025-07-21T20:06:00.574490
"Software Engineering, 10/e",Ian Sommerville,891.0,808,195,4.2,1.1027227722772277,https://www.amazon.in/dp/9332582696/?coliid=I2G7NB4Z925ZIZ&colid=OPIB1KQBJDHR&psc=1&ref_=list_c_wl_lv_vv_lig_dp_it,9332582696,IT Books,"Paperback

₹891.00",2025-07-21T20:06:01.092536
React Key Concepts: Consolidate your knowledge of React's core features,Maximilian Schwarzmüller,3599.0,590,83,4.7,6.1,https://www.amazon.in/dp/1803234504/?coliid=I13JCQ2FDZ7LI6&colid=OPIB1KQBJDHR&psc=1&ref_=list_c_wl_lv_vv_lig_dp_it,1803234504,IT Books,"Paperback

₹3,599.00",2025-07-21T20:06:01.949156
"Head First Python: A Learner's Guide to the Fundamentals of Python Programming, a Brain-Friendly Guide",Paul Barry,5847.0,600,74,4.4,9.745,https://www.amazon.in/dp/1492051292/?coliid=I1ZNJEKMUA917S&colid=OPIB1KQBJDHR&psc=1&ref_=list_c_wl_lv_vv_lig_dp_it,1492051292,IT Books,"Paperback

₹5,847.00",2025-07-21T20:06:03.130646
LEARNING PYTHON,Mark Lutz,,1648,1858,4.5,,https://www.amazon.in/dp/1449355730/?coliid=I1Q2Y64IXVLNG2&colid=OPIB1KQBJDHR&psc=0&ref_=list_c_wl_lv_vv_lig_dp_it,1449355730,IT Books,"Paperback

₹6,851.98",2025-07-21T20:06:11.149920
"Learning Python: Powerful Object-Oriented Programming, Fifth Edition (Greyscale Indian Edition)",Lutz M,2385.0,1616,194,4.3,1.4758663366336633,https://www.amazon.in/dp/9351102017/?coliid=IDU6CF5N32WP1&colid=OPIB1KQBJDHR&psc=1&ref_=list_c_wl_lv_vv_lig_dp_it,9351102017,IT Books,"Paperback

₹2,385.00",2025-07-21T20:06:11.696098
"Automate the Boring Stuff with Python, 2",Al Sweigart,2739.0,592,3290,4.4,4.6266891891891895,https://www.amazon.in/dp/1593279922/?coliid=I3080TVWIU6WUL&colid=OPIB1KQBJDHR&psc=1&ref_=list_c_wl_lv_vv_lig_dp_it,1593279922,IT Books,"Paperback

₹2,739.00",2025-07-21T20:06:12.702702
"Introducing Python: Modern Computing in Simple Packages, Second Edition",Bill Lubanovic,2100.0,632,458,4.7,3.3227848101265822,https://www.amazon.in/dp/9352139348/?coliid=I27CLLC6WZJOAF&colid=OPIB1KQBJDHR&psc=1&ref_=list_c_wl_lv_vv_lig_dp_it,9352139348,IT Books,"Paperback

₹2,100.00",2025-07-21T20:06:13.061157
Css: The Definitive Guide: Web Layout and Presentation,"Eric A. Meyer, Estelle Weyl",6427.0,1098,36,4.8,5.853369763205829,https://www.amazon.in/dp/1098117611/?coliid=I1KZD7KXVO0DIE&colid=OPIB1KQBJDHR&psc=1&ref_=list_c_wl_lv_vv_lig_dp_it,1098117611,IT Books,"Paperback

₹6,427.00",2025-07-21T20:06:19.425066
"Computer Systems: A Programmer's Perspective, 3/e","Randal E. Bryant, David R. O'Hallaron",980.0,1120,602,4.4,0.875,https://www.amazon.in/dp/9332573905/?coliid=IYCX7LSO3LB7L&colid=OPIB1KQBJDHR&psc=1&ref_=list_c_wl_lv_vv_lig_dp_it,9332573905,IT Books,"Paperback

₹980.00",2025-07-21T20:06:21.054855
"Introduction to Algorithms, fourth edition","Thomas H. Cormen, , , ",10150.0,1312,692,4.6,7.736280487804878,https://www.amazon.in/dp/026204630X/?coliid=ICAEPM542O8LB&colid=OPIB1KQBJDHR&psc=1&ref_=list_c_wl_lv_vv_lig_dp_it,026204630X,IT Books,"Hardcover

₹10,150.00",2025-07-21T20:06:22.079457
Thinking in Systems: International Bestseller,"Donella Meadows, Diana Wright",1564.0,240,5550,4.5,6.516666666666667,https://www.amazon.in/dp/1603580557/?coliid=I1T8MHIHD0JQKU&colid=OPIB1KQBJDHR&psc=1&ref_=list_c_wl_lv_vv_lig_dp_it,1603580557,IT Books,"Paperback

₹1,564.00",2025-07-21T20:06:23.206449
"Strategic Writing for UX: Drive Engagement, Conversion, and Retention with Every Word (Greyscale Indian Edition)",Torrey Podmajersky,1100.0,196,336,4.6,5.612244897959184,https://www.amazon.in/dp/9352138570/?coliid=I2A7G3CIMMUIKV&colid=OPIB1KQBJDHR&psc=1&ref_=list_c_wl_lv_vv_lig_dp_it,9352138570,IT Books,"Paperback

₹1,100.00",2025-07-21T20:06:30.515086
Programming TypeScript: Making Your JavaScript Applications Scale (Greyscale Indian Edition),Boris Cherny,1250.0,324,319,4.6,3.8580246913580245,https://www.amazon.in/dp/9352138341/?coliid=I3TNT5VY2FZ35&colid=OPIB1KQBJDHR&psc=1&ref_=list_c_wl_lv_vv_lig_dp_it,9352138341,IT Books,"Paperback

₹1,250.00",2025-07-21T20:06:32.405528
Learning Modern Linux: A Handbook for the Cloud Native Practitioner (Grayscale Indian Edition),Michael Hausenblas,950.0,260,38,4.0,3.6538461538461537,https://www.amazon.in/dp/9355422938/?coliid=I1VWQ2YGWULYC&colid=OPIB1KQBJDHR&psc=1&ref_=list_c_wl_lv_vv_lig_dp_it,9355422938,IT Books,"Paperback

₹950.00",2025-07-21T20:06:32.860373
Make: Getting Started With P5.Js - Making Interactive Graphics in JavaScript and Processing,"Lauren McCarthy, Casey Reas, ",825.0,246,218,4.5,3.3536585365853657,https://www.amazon.in/dp/9352133161/?coliid=I3QY5GPJ5JW0II&colid=OPIB1KQBJDHR&psc=1&ref_=list_c_wl_lv_vv_lig_dp_it,9352133161,IT Books,"Paperback

₹825.00",2025-07-21T20:06:34.512311
Effective TypeScript: 62 Specific Ways to Improve Your TypeScript [Paperback] Dan Vanderkam,,,266,329,4.6,,https://www.amazon.in/dp/9352139208/?coliid=I3OBUP0CMHYFAE&colid=OPIB1KQBJDHR&psc=0&ref_=list_c_wl_lv_vv_lig_dp_it,9352139208,IT Books,Unknown,2025-07-21T20:06:37.830269
Learning TypeScript: Enhance Your Web Development Skills Using Type-Safe JavaScript (Grayscale Indian Edition),Josh Goldberg,1350.0,320,113,4.6,4.21875,https://www.amazon.in/dp/9355422784/?coliid=I1544BBC5O7ZTK&colid=OPIB1KQBJDHR&psc=1&ref_=list_c_wl_lv_vv_lig_dp_it,9355422784,IT Books,"Paperback

₹1,350.00",2025-07-21T20:06:42.543004
Site Reliability Engineering: How Google Runs Production Systems,"Niall Murphy, Betsy Beyer, , ",1800.0,550,1154,4.6,3.272727272727273,https://www.amazon.in/dp/9352133625/?coliid=I1XGM1TK4R9TEY&colid=OPIB1KQBJDHR&psc=1&ref_=list_c_wl_lv_vv_lig_dp_it,9352133625,IT Books,"Paperback

₹1,800.00",2025-07-21T20:06:43.804322
The Manager's Path: A Guide for Tech Leaders Navigating Growth and Change (Greyscale Indian Edition),Camille Fournier,725.0,244,3077,4.6,2.971311475409836,https://www.amazon.in/dp/9352135474/?coliid=IE9MB6IJSXWP7&colid=OPIB1KQBJDHR&psc=1&ref_=list_c_wl_lv_vv_lig_dp_it,9352135474,IT Books,"Paperback

₹725.00",2025-07-21T20:06:46.416266
"The Pragmatic Programmer, 20th Anniversary Edition your journey to mastery (Indian B&W Edition)","David Thomas, Andrew Hunt",750.0,322,167,4.4,2.329192546583851,https://www.amazon.in/dp/9353949432/?coliid=IJJWTFWKIWZ31&colid=OPIB1KQBJDHR&psc=1&ref_=list_c_wl_lv_vv_lig_dp_it,9353949432,IT Books,"Paperback

₹750.00",2025-07-21T20:06:46.564216
Fundamentals of Software Architecture: An Engineering Approach (Grayscale Indian Edition),,,424,1057,4.6,,https://www.amazon.in/dp/9352139623/?coliid=I1D65WKSP9AQRR&colid=OPIB1KQBJDHR&psc=0&ref_=list_c_wl_lv_vv_lig_dp_it,9352139623,IT Books,Unknown,2025-07-21T20:06:50.878352
"React: Up & Running - Building Web Applications, Second Edition (Grayscale Indian Edition)",Stoyan Stefanov,900.0,232,28,4.2,3.8793103448275863,https://www.amazon.in/dp/9355420692/?coliid=I2RPUVYX9MW3PQ&colid=OPIB1KQBJDHR&psc=1&ref_=list_c_wl_lv_vv_lig_dp_it,9355420692,IT Books,"Paperback

₹900.00",2025-07-21T20:06:54.679419
Regular Expressions Cookbook 2e: Detailed Solutions in Eight Programming Languages,"Jay Goyvaerts, Steven Levithan",3841.0,612,75,4.5,6.276143790849673,https://www.amazon.in/dp/1449319432/?coliid=I1BC6JU6BJ4SW5&colid=OPIB1KQBJDHR&psc=1&ref_=list_c_wl_lv_vv_lig_dp_it,1449319432,IT Books,"Paperback

₹3,841.00",2025-07-21T20:06:55.211776
React Cookbook: Recipes for Mastering the React Framework (Grayscale Indian Edition),"David Griffiths, Dawn Griffiths",1975.0,512,44,4.4,3.857421875,https://www.amazon.in/dp/9391043585/?coliid=I9WKCE4HV0OCJ&colid=OPIB1KQBJDHR&psc=1&ref_=list_c_wl_lv_vv_lig_dp_it,9391043585,IT Books,"Paperback

₹1,975.00",2025-07-21T20:06:57.948151
Amazon Web Services in Action,"Andreas Wittig, Michael Wittig",4417.0,528,103,4.4,8.365530303030303,https://www.amazon.in/dp/1617295116/?coliid=IY0EN2BYX64KE&colid=OPIB1KQBJDHR&psc=1&ref_=list_c_wl_lv_vv_lig_dp_it,1617295116,IT Books,"Paperback

₹4,417.00",2025-07-21T20:07:00.565407
The Recursive Book of Recursion: Ace the Coding Interview with Python and JavaScript,Al Sweigart,2716.87,328,42,4.9,8.283140243902439,https://www.amazon.in/dp/1718502028/?coliid=I33CPUS610RC1I&colid=OPIB1KQBJDHR&psc=1&ref_=list_c_wl_lv_vv_lig_dp_it,1718502028,IT Books,"Paperback

₹2,716.87",2025-07-21T20:07:02.877617
Color Play,Joen Wolfrom,2985.0,143,218,4.7,20.874125874125873,https://www.amazon.in/dp/1607059649/?coliid=I1A9R9Z0OVDDVI&colid=OPIB1KQBJDHR&psc=1&ref_=list_c_wl_lv_vv_lig_dp_it,1607059649,IT Books,"Paperback

₹2,985.00",2025-07-21T20:07:04.485630
JavaScript: The Comprehensive Guide (Grayscale Indian Edition),Philip Ackermann,3250.0,982,1,3.0,3.309572301425662,https://www.amazon.in/dp/9355422725/?coliid=I2WDBBQJTTFTD0&colid=OPIB1KQBJDHR&psc=1&ref_=list_c_wl_lv_vv_lig_dp_it,9355422725,IT Books,"Paperback

₹3,250.00",2025-07-21T20:07:05.425632
Eloquent Javascript 3E,Marijn Haverbeke,2299.0,472,1708,4.6,4.870762711864407,https://www.amazon.in/dp/1593279507/?coliid=I2TIM5PUT31XC5&colid=OPIB1KQBJDHR&psc=1&ref_=list_c_wl_lv_vv_lig_dp_it,1593279507,IT Books,"Paperback

₹2,299.00",2025-07-21T20:07:08.549520
You Don`t Know JS: 6 Volume Set (Greyscale Indian Edition),Kyle Simpson,2800.0,1136,261,4.6,2.464788732394366,https://www.amazon.in/dp/9352136268/?coliid=I1UHHQMRE6ED8R&colid=OPIB1KQBJDHR&psc=1&ref_=list_c_wl_lv_vv_lig_dp_it,9352136268,IT Books,"Paperback

₹2,800.00",2025-07-21T20:07:11.605967
Learning JavaScript Design Patterns: A JavaScript and jQuery Developer's Guide,Addy Osmani,,268,90,4.5,,https://www.amazon.in/dp/9350238705/?coliid=I2CB5Q5LY7UK25&colid=OPIB1KQBJDHR&psc=0&ref_=list_c_wl_lv_vv_lig_dp_it,9350238705,IT Books,"Paperback

—",2025-07-21T20:07:12.278616
Linux Pocket Guide: Essential Commands (Greyscale Indian Edition),Daniel J. Barrett,,276,1570,4.7,,https://www.amazon.in/dp/9352133862/?coliid=I1MTOK40KZIEIS&colid=OPIB1KQBJDHR&psc=0&ref_=list_c_wl_lv_vv_lig_dp_it,9352133862,IT Books,Unknown,2025-07-21T20:07:13.415235
Git Pocket Guide: A Working Introduction (Greyscale Indian Edition),Richard E. Silverman,,252,276,4.5,,https://www.amazon.in/dp/935110236X/?coliid=I1VXS2NMR9OBE&colid=OPIB1KQBJDHR&psc=0&ref_=list_c_wl_lv_vv_lig_dp_it,935110236X,IT Books,"Paperback

—",2025-07-21T20:07:18.968332
"The Pocket Complete Color Harmony: 1,500 Plus Color Palettes for Designers, Artists, Architects, Makers, and Educators",Tina Sutton,595.0,192,520,4.5,3.0989583333333335,https://www.amazon.in/dp/1631599208/?coliid=I3QYOG6NCREWTN&colid=OPIB1KQBJDHR&psc=1&ref_=list_c_wl_lv_vv_lig_dp_it,1631599208,IT Books,"Paperback

₹595.00",2025-07-21T20:07:21.590724
"WebAssembly: The Definitive Guide - Safe, Fast, and Portable Code (Grayscale Indian Edition)",Brian Sletten,1300.0,336,26,4.6,3.869047619047619,https://www.amazon.in/dp/9355421052/?coliid=IHY45L0IX7XI7&colid=OPIB1KQBJDHR&psc=1&ref_=list_c_wl_lv_vv_lig_dp_it,9355421052,IT Books,Unknown,2025-07-21T20:07:23.117910
AWS for Non-Engineers,Hiroko Nishimura,2850.0,176,7,3.6,16.193181818181817,https://www.amazon.in/dp/1633439941/?coliid=I3071GD292RWZX&colid=OPIB1KQBJDHR&psc=1&ref_=list_c_wl_lv_vv_lig_dp_it,1633439941,IT Books,"Paperback

₹2,850.00",2025-07-21T20:07:23.310050
Version Control with Git: Powerful Tools and Techniques for Collaborative Software Development,"Prem Kumar Ponuthorai, Jon Loeliger",4566.0,526,35,4.5,8.680608365019012,https://www.amazon.in/dp/1492091197/?coliid=IK2W110YKMX8H&colid=OPIB1KQBJDHR&psc=1&ref_=list_c_wl_lv_vv_lig_dp_it,1492091197,IT Books,"Paperback

₹4,566.00",2025-07-21T20:07:28.946968
Just React!: Learn React the React Way,Hari Narayn,5812.0,369,3,4.2,15.750677506775068,https://www.amazon.in/dp/1484282930/?coliid=IYS0AJ4OVTNNM&colid=OPIB1KQBJDHR&psc=1&ref_=list_c_wl_lv_vv_lig_dp_it,1484282930,IT Books,"Paperback

₹5,812.00",2025-07-21T20:07:31.073416
Learn Enough JavaScript to Be Dangerous: A Tutorial Introduction to Programming with JavaScript,Michael Hartl,2525.0,304,2,5.0,8.305921052631579,https://www.amazon.in/dp/0137843747/?coliid=I1X31JK40GZNCC&colid=OPIB1KQBJDHR&psc=1&ref_=list_c_wl_lv_vv_lig_dp_it,0137843747,IT Books,"Paperback

₹2,525.00",2025-07-21T20:07:33.436125
Principles of Web API Design: Delivering Value with APIs and Microservices,James Higginbotham,4087.0,333,51,4.5,12.273273273273274,https://www.amazon.in/dp/0137355637/?coliid=IQNCLDARKX1OT&colid=OPIB1KQBJDHR&psc=1&ref_=list_c_wl_lv_vv_lig_dp_it,0137355637,IT Books,"Paperback

₹4,087.00",2025-07-21T20:07:33.747243
"Mastering TypeScript: Build enterprise-ready, modular web applications using TypeScript 4 and modern frameworks, 4th Edition",Nathan Rozentals,3401.0,538,37,4.5,6.321561338289963,https://www.amazon.in/dp/1800564732/?coliid=IY5QMN123IN74&colid=OPIB1KQBJDHR&psc=1&ref_=list_c_wl_lv_vv_lig_dp_it,1800564732,IT Books,"Paperback

₹3,401.00",2025-07-21T20:07:38.790718
Learn PostgreSQL: Build and manage high-performance database solutions using PostgreSQL 12 and 13,"Luca Ferrari, Enrico Pirozzi",3144.0,650,42,4.3,4.836923076923077,https://www.amazon.in/dp/183898528X/?coliid=I2IES2YK8UI7TQ&colid=OPIB1KQBJDHR&psc=1&ref_=list_c_wl_lv_vv_lig_dp_it,183898528X,IT Books,"Paperback

₹3,144.00",2025-07-21T20:07:39.941643
"Learning React: Modern Patterns for Developing React Apps, Second Edition (Greyscale Indian Edition)","Alex Banks, Eve Porcello",1200.0,312,27,4.3,3.8461538461538463,https://www.amazon.in/dp/938588915X/?coliid=IJD85R6VUJS7G&colid=OPIB1KQBJDHR&psc=1&ref_=list_c_wl_lv_vv_lig_dp_it,938588915X,IT Books,"Paperback

₹1,200.00",2025-07-21T20:07:43.060848
LINUX BIBLE E10,Christopher Negus,3756.0,928,908,4.7,4.047413793103448,https://www.amazon.in/dp/1119578884/?coliid=I16CPWXVE2DC24&colid=OPIB1KQBJDHR&psc=1&ref_=list_c_wl_lv_vv_lig_dp_it,1119578884,IT Books,"Paperback

₹3,756.00",2025-07-21T20:07:44.328976
Laws of UX: Using Psychology to Design Better Products & Services (Greyscale Indian Edition),,,152,796,4.4,,https://www.amazon.in/dp/9352139984/?coliid=I2625NS6FU8T3G&colid=OPIB1KQBJDHR&psc=0&ref_=list_c_wl_lv_vv_lig_dp_it,9352139984,IT Books,Unknown,2025-07-21T20:07:48.139446
"MongoDB: The Definitive Guide - Powerful and Scalable Data Storage, Third Edition (Greyscale Indian Edition)","Shannon Bradshaw, Eoin Brazil, ",1850.0,516,223,4.6,3.5852713178294575,https://www.amazon.in/dp/9352139577/?coliid=IZB266IJAZPUP&colid=OPIB1KQBJDHR&psc=1&ref_=list_c_wl_lv_vv_lig_dp_it,9352139577,IT Books,"Paperback

₹1,850.00",2025-07-21T20:07:50.636949
"Web Development with Node and Express: Leveraging the JavaScript Stack, Second Edition",Ethan Brown,1325.0,342,80,4.2,3.874269005847953,https://www.amazon.in/dp/9352139445/?coliid=I3MPN7836LKMXN&colid=OPIB1KQBJDHR&psc=1&ref_=list_c_wl_lv_vv_lig_dp_it,9352139445,IT Books,"Paperback

₹1,325.00",2025-07-21T20:07:52.651428
"Linux: The Ultimate Beginners Bible to Learn Linux Command Line, Administration and Shell Scripting Step by Step",David A Williams,2877.0,280,20,4.3,10.275,https://www.amazon.in/dp/B087L9YKCP/?coliid=IFI4OS9O6AFXL&colid=OPIB1KQBJDHR&psc=1&ref_=list_c_wl_lv_vv_lig_dp_it,B087L9YKCP,IT Books,"Paperback

₹2,877.00",2025-07-21T20:07:52.928622
How to Launch a Brand - SPECIAL WORKBOOK EDITION (2nd Edition): Your Step-by-Step Guide to Crafting a Brand: From Positioning to Naming And Brand Identity,Fabian Geyrhalter,1574.0,122,207,4.4,12.901639344262295,https://www.amazon.in/dp/0989646149/?coliid=I1RCWXZZX2EXEP&colid=OPIB1KQBJDHR&psc=1&ref_=list_c_wl_lv_vv_lig_dp_it,0989646149,IT Books,"Hardcover

₹1,574.00",2025-07-21T20:07:58.674346
"Beginning Programming All-in-One For Dummies, 2nd Edition",Wallace Wang,2628.0,774,68,4.6,3.395348837209302,https://www.amazon.in/dp/1119884403/?coliid=IJLI5PZU5EXAN&colid=OPIB1KQBJDHR&psc=1&ref_=list_c_wl_lv_vv_lig_dp_it,1119884403,IT Books,"Paperback

₹2,628.00",2025-07-21T20:08:00.692819
Coding All-in-One For Dummies: The Six Choices That Will Transform Your Business,"Chris Minnick, Nikhil Abraham, , , ",3124.0,881,146,4.5,3.5459704880817253,https://www.amazon.in/dp/1119889561/?coliid=I1708A8RNK6TR4&colid=OPIB1KQBJDHR&psc=1&ref_=list_c_wl_lv_vv_lig_dp_it,1119889561,IT Books,"Paperback

₹3,124.00",2025-07-21T20:08:02.499493
Self-Taught Computer Scientist: The Beginner's Guide to Data Structures & Algorithms,Cory Althoff,2363.0,201,135,4.6,11.756218905472636,https://www.amazon.in/dp/1119724414/?coliid=IIHFIGAVADGFZ&colid=OPIB1KQBJDHR&psc=1&ref_=list_c_wl_lv_vv_lig_dp_it,1119724414,IT Books,"Paperback

₹2,363.00",2025-07-21T20:08:03.523057
Continuous Discovery Habits: Discover Products that Create Customer Value and Business Value,Teresa Torres,1638.0,244,2457,4.6,6.713114754098361,https://www.amazon.in/dp/1736633309/?coliid=I1D2O6F8OBLT34&colid=OPIB1KQBJDHR&psc=1&ref_=list_c_wl_lv_vv_lig_dp_it,1736633309,IT Books,"Paperback

₹1,635.00",2025-07-21T20:08:08.401822
"SUPERINTELLIGENCE: Paths, Dangers, Strategies",Nick Bostrom,467.0,432,4143,4.5,1.0810185185185186,https://www.amazon.in/dp/0198739834/?coliid=I1C3HCWGFWN0NV&colid=OPIB1KQBJDHR&psc=1&ref_=list_c_wl_lv_vv_lig_dp_it,0198739834,IT Books,"Paperback

₹467.00",2025-07-21T20:08:12.501465
The Product Book: How to Become a Great Product Manager,"Product School, Josh Anon",,314,856,4.5,,https://www.amazon.in/dp/0998973815/?coliid=I2DN2NFT3ZL9KN&colid=OPIB1KQBJDHR&psc=0&ref_=list_c_wl_lv_vv_lig_dp_it,0998973815,IT Books,"Paperback

—",2025-07-21T20:08:13.359746
Fundamentals of Data Engineering: Plan and Build Robust Data Systems (Grayscale Indian Edition),"Joe Reis, Matt Housley",1750.0,452,693,4.6,3.8716814159292037,https://www.amazon.in/dp/9355421540/?coliid=I3EUW7O69KB0U2&colid=OPIB1KQBJDHR&psc=1&ref_=list_c_wl_lv_vv_lig_dp_it,9355421540,IT Books,"Paperback

₹1,750.00",2025-07-21T20:08:14.233678
Value Proposition Design: How to Create Products and Services Customers Want,"Alexander Osterwalder, , , , ",2196.0,320,2348,4.5,6.8625,https://www.amazon.in/dp/1118968050/?coliid=I21JAGA718W38Z&colid=OPIB1KQBJDHR&psc=1&ref_=list_c_wl_lv_vv_lig_dp_it,1118968050,IT Books,"Paperback

₹2,196.00",2025-07-21T20:08:19.202416
Tech Simplified for PMs & Entrepreneurs,"Deepak Singh, Priya Singh",,304,388,4.5,,https://www.amazon.in/dp/9355664990/?coliid=I131705RNOF98K&colid=OPIB1KQBJDHR&psc=0&ref_=list_c_wl_lv_vv_lig_dp_it,9355664990,IT Books,"Paperback

—",2025-07-21T20:08:23.436564
Escaping the Build Trap: How Effective Product Management Creates Real Value (Grayscale Indian Edition),Melissa Peri,775.0,200,1662,4.6,3.875,https://www.amazon.in/dp/9352137949/?coliid=IH1GB39ASZ68D&colid=OPIB1KQBJDHR&psc=1&ref_=list_c_wl_lv_vv_lig_dp_it,9352137949,IT Books,"Paperback

₹775.00",2025-07-21T20:08:24.146810
Sprint,"Jake Knapp, John Zeratsky, ",768.49,288,4534,4.6,2.668368055555556,https://www.amazon.in/dp/0593076117/?coliid=I3R0TYAJR0GXQ&colid=OPIB1KQBJDHR&psc=1&ref_=list_c_wl_lv_vv_lig_dp_it,0593076117,IT Books,"Paperback

₹768.49",2025-07-21T20:08:24.352601
Inspired: How to Create Tech Products Customers Love,Marty Cagan,1675.0,368,5895,4.5,4.551630434782608,https://www.amazon.in/dp/1119387507/?coliid=IME092Y5XB1F1&colid=OPIB1KQBJDHR&psc=1&ref_=list_c_wl_lv_vv_lig_dp_it,1119387507,IT Books,"Hardcover

₹1,782.00",2025-07-21T20:08:29.844893
"Lean UX: Creating Great Products with Agile Teams, Third Edition (Grayscale Indian Edition)","Jeff Gothelf, Josh Seiden",1000.0,256,4,5.0,3.90625,https://www.amazon.in/dp/935542003X/?coliid=IPZXP3OH6JU94&colid=OPIB1KQBJDHR&psc=1&ref_=list_c_wl_lv_vv_lig_dp_it,935542003X,IT Books,"Paperback

₹1,000.00",2025-07-21T20:08:32.139011
Data Science for Business: What You Need to Know about Data Mining and Data-Analytic Thinking,Foster Provost,1575.0,424,1366,4.5,3.714622641509434,https://www.amazon.in/dp/935110267X/?coliid=I2A4Z0BC81UVU3&colid=OPIB1KQBJDHR&psc=1&ref_=list_c_wl_lv_vv_lig_dp_it,935110267X,IT Books,"Paperback

₹1,575.00",2025-07-21T20:08:35.168164
"PHP & MySQL: Novice to Ninja, Seventh Edition (Grayscale Indian Edition)",Tom Butler,2300.0,692,18,4.1,3.3236994219653178,https://www.amazon.in/dp/9355421060/?coliid=I186R98M5KLBL6&colid=OPIB1KQBJDHR&psc=1&ref_=list_c_wl_lv_vv_lig_dp_it,9355421060,IT Books,"Paperback

₹2,300.00",2025-07-21T20:08:35.420676
The Design Studio Method: Creative Problem Solving With UX Sketching,"Brian Sullivan, J. Schuh",3791.0,192,36,4.5,19.744791666666668,https://www.amazon.in/dp/113802256X/?coliid=I36ILSQVRZT0KS&colid=OPIB1KQBJDHR&psc=1&ref_=list_c_wl_lv_vv_lig_dp_it,113802256X,IT Books,"Paperback

₹3,791.00",2025-07-21T20:08:41.141528
The StatQuest Illustrated Guide to Machine Learning (Full Colour Print),Josh Starmer,1158.0,304,206,4.5,3.8092105263157894,https://www.amazon.in/dp/B0BRQ4K43L/?coliid=I2U1U48YCG58VW&colid=OPIB1KQBJDHR&psc=1&ref_=list_c_wl_lv_vv_lig_dp_it,B0BRQ4K43L,IT Books,"Paperback

₹1,158.00",2025-07-21T20:08:44.276979
"Digital Creative'S Survival Guide: Everything You Need for a Successful Career in Web, App, Multimedia and Broadcast Design",Paul Wyatt,469.0,192,2,2.3,2.4427083333333335,https://www.amazon.in/dp/1440318484/?coliid=I128CC3MLHL2RZ&colid=OPIB1KQBJDHR&psc=1&ref_=list_c_wl_lv_vv_lig_dp_it,1440318484,IT Books,"Hardcover

₹469.00",2025-07-21T20:08:44.157080
Manning Publications Grokking Algorithms: An illustrated guide for programmers and other curious people,Aditya Bhargava,,256,1446,4.6,,https://www.amazon.in/dp/1617292230/?coliid=IOQJ6VQDN8FK7&colid=OPIB1KQBJDHR&psc=0&ref_=list_c_wl_lv_vv_lig_dp_it,1617292230,IT Books,"Paperback

from ₹3,895.00",2025-07-21T20:08:44.357687
Engineering in Plain Sight: An Illustrated Field Guide to the Constructed Environment,Grady Hillhouse,2405.0,264,1030,4.8,9.109848484848484,https://www.amazon.in/dp/171850232X/?coliid=IYEOI2NB7JRIF&colid=OPIB1KQBJDHR&psc=1&ref_=list_c_wl_lv_vv_lig_dp_it,171850232X,IT Books,"Hardcover

₹2,405.00",2025-07-21T20:08:49.894344
You Don't Know JS Yet: Scope & Closures,"Simon St Laurent, , ",2761.0,280,115,4.6,9.860714285714286,https://www.amazon.in/dp/B086GD45ZG/?coliid=I19KRLGM25S8US&colid=OPIB1KQBJDHR&psc=1&ref_=list_c_wl_lv_vv_lig_dp_it,B086GD45ZG,IT Books,"Paperback

₹2,761.00",2025-07-21T20:08:54.661447
Open Circuits: The Inner Beauty of Electronic Components,"Windell Oskay, Eric Schlaepfer",2316.0,304,1170,4.8,7.618421052631579,https://www.amazon.in/dp/1718502346/?coliid=I1PQ24BSO20CLC&colid=OPIB1KQBJDHR&psc=1&ref_=list_c_wl_lv_vv_lig_dp_it,1718502346,IT Books,"Hardcover

₹2,316.00",2025-07-21T20:08:54.986703
Visualizing Google Cloud: Illustrated References for Cloud Engineers & Architects,Priyanka Vergadia,1999.0,247,570,4.6,8.093117408906883,https://www.amazon.in/dp/1119816327/?coliid=I1D7A8USMZUJ0K&colid=OPIB1KQBJDHR&psc=1&ref_=list_c_wl_lv_vv_lig_dp_it,1119816327,IT Books,"Paperback

₹1,999.00",2025-07-21T20:08:56.355099
EMOTIONAL DESIGN,Don Norman,1107.0,272,866,4.5,4.069852941176471,https://www.amazon.in/dp/0465051367/?coliid=I3KHYVY0XFH1OS&colid=OPIB1KQBJDHR&psc=1&ref_=list_c_wl_lv_vv_lig_dp_it,0465051367,IT Books,"Paperback

₹1,107.00",2025-07-21T20:08:59.387489
User Friendly,Cliff Kuang with Robert Fabricant,506.0,416,783,4.5,1.2163461538461537,https://www.amazon.in/dp/0753556650/?coliid=I2VHQZ933HSRQT&colid=OPIB1KQBJDHR&psc=1&ref_=list_c_wl_lv_vv_lig_dp_it,0753556650,IT Books,"Paperback

₹506.00",2025-07-21T20:09:03.585453
CREATING A BRAND IDENTITY: A GUIDE FOR DESIGNERS,Catharine Slade-Brooking,1146.0,160,531,4.6,7.1625,https://www.amazon.in/dp/1780675623/?coliid=I28GHONFQLQWBO&colid=OPIB1KQBJDHR&psc=1&ref_=list_c_wl_lv_vv_lig_dp_it,1780675623,IT Books,"Paperback

₹1,146.00",2025-07-21T20:09:04.642680
Why Fonts Matter: a multisensory analysis of typography and its influence from graphic designer and academic Sarah Hyndman,Sarah Hyndman,886.0,144,397,4.6,6.152777777777778,https://www.amazon.in/dp/0753557231/?coliid=I24TAHB9YETRH1&colid=OPIB1KQBJDHR&psc=1&ref_=list_c_wl_lv_vv_lig_dp_it,0753557231,IT Books,"Paperback

₹886.00",2025-07-21T20:09:05.825647
Interaction of Color,"Josef Albers, Nicholas Fox Weber",1355.0,192,2181,4.6,7.057291666666667,https://www.amazon.in/dp/0300179359/?coliid=I35RXITXR778PH&colid=OPIB1KQBJDHR&psc=1&ref_=list_c_wl_lv_vv_lig_dp_it,0300179359,IT Books,"Paperback

₹1,355.00",2025-07-21T20:09:09.059513
"Learning SQL: Generate, Manipulate, and Retrieve Data, Third Edition (Greyscale Indian Edition)",Alan Beaulieu,1475.0,380,525,4.6,3.8815789473684212,https://www.amazon.in/dp/935213978X/?coliid=I2YO5T56LDAVT7&colid=OPIB1KQBJDHR&psc=1&ref_=list_c_wl_lv_vv_lig_dp_it,935213978X,IT Books,"Paperback

₹1,475.00",2025-07-21T20:09:13.292527
"JavaScript Cookbook: Programming the Web, Third Edition (Grayscale Indian Edition)","Adam D. Scott, , ",2075.0,536,43,4.8,3.871268656716418,https://www.amazon.in/dp/9391043763/?coliid=I2AMC24CP4ZPXK&colid=OPIB1KQBJDHR&psc=1&ref_=list_c_wl_lv_vv_lig_dp_it,9391043763,IT Books,Unknown,2025-07-21T20:09:14.052615
"BEGINNING SOFTWARE ENGINEERING, SECOND EDITION",R Stephens,3453.0,720,10,4.0,4.795833333333333,https://www.amazon.in/dp/1119901707/?coliid=I8CIFOQE041RQ&colid=OPIB1KQBJDHR&psc=1&ref_=list_c_wl_lv_vv_lig_dp_it,1119901707,IT Books,"Paperback

₹3,453.00",2025-07-21T20:09:15.646032
How Linux Works 3E: What Every Superuser Should Know,Brian Ward,2704.49,464,635,4.7,5.82864224137931,https://www.amazon.in/dp/1718500408/?coliid=I3FS7LWTA4S8Y7&colid=OPIB1KQBJDHR&psc=1&ref_=list_c_wl_lv_vv_lig_dp_it,1718500408,IT Books,"Paperback

₹2,714.00",2025-07-21T20:09:17.123280
Wordpress: The Missing Manual,Matthew MacDonald,3800.0,477,204,4.4,7.966457023060797,https://www.amazon.in/dp/1492074160/?coliid=I21OL21HXKQXAT&colid=OPIB1KQBJDHR&psc=1&ref_=list_c_wl_lv_vv_lig_dp_it,1492074160,IT Books,"Paperback

₹3,800.00",2025-07-21T20:09:22.854231
Murach's PHP and MySQL (4th Edition): The Norman-Swabian Age and the Identity of a People,"Joel Murach, Ray Harris",6592.0,828,24,4.8,7.961352657004831,https://www.amazon.in/dp/1943873003/?coliid=I2FVHV3JZFE7UM&colid=OPIB1KQBJDHR&psc=1&ref_=list_c_wl_lv_vv_lig_dp_it,1943873003,IT Books,"Paperback

₹6,592.00",2025-07-21T20:09:23.305787
Algorithms to Live By: The Computer Science of Human Decisions,"Brian Christian, Tom Griffiths",319.0,368,6185,4.5,0.8668478260869565,https://www.amazon.in/dp/0007547994/?coliid=I2DSWHCZRNND1B&colid=OPIB1KQBJDHR&psc=1&ref_=list_c_wl_lv_vv_lig_dp_it,0007547994,IT Books,"Paperback

₹319.00",2025-07-21T20:09:25.009349
Head First Git: A Learner's Guide to Understanding Git from the Inside Out (Grayscale Indian Edition),Raju Gandhi,,508,82,4.6,,https://www.amazon.in/dp/9355420706/?coliid=I18TYP3AIM98MH&colid=OPIB1KQBJDHR&psc=0&ref_=list_c_wl_lv_vv_lig_dp_it,9355420706,IT Books,Unknown,2025-07-21T20:09:27.597862
"Learning PHP, MySQL & JavaScript: A Step-by-Step Guide to Creating Dynamic Websites, Sixth Edition (Grayscale Indian Edition)",Robin Nixon,1699.0,828,88,4.6,2.0519323671497585,https://www.amazon.in/dp/939104381X/?coliid=IX9FM61HZ3J5Q&colid=OPIB1KQBJDHR&psc=1&ref_=list_c_wl_lv_vv_lig_dp_it,939104381X,IT Books,Unknown,2025-07-21T20:09:33.300207
Computer Science Distilled: Learn the Art of Solving Computational Problems,Raimondo Pictet Wladston Ferreira Filho,2530.0,182,984,4.4,13.901098901098901,https://www.amazon.in/dp/0997316020/?coliid=IVMGYFRZQASBR&colid=OPIB1KQBJDHR&psc=1&ref_=list_c_wl_lv_vv_lig_dp_it,0997316020,IT Books,"Paperback

₹2,530.00",2025-07-21T20:09:34.855217
Product Roadmaps Relaunched: How to Set Direction while Embracing Uncertainty (Greyscale Indian Edition),"C.Todd Lombardo, , , ",1000.0,268,773,4.5,3.7313432835820897,https://www.amazon.in/dp/9352136616/?coliid=I9FQA0BUC6CDM&colid=OPIB1KQBJDHR&psc=1&ref_=list_c_wl_lv_vv_lig_dp_it,9352136616,IT Books,"Paperback

₹1,000.00",2025-07-21T20:09:37.375087
Design Thinking for Dummies,Christian Muller-Roterberg,704.0,,126,4.3,,https://www.amazon.in/dp/812652068X/?coliid=I2Q47BW2AE1EQJ&colid=OPIB1KQBJDHR&psc=1&ref_=list_c_wl_lv_vv_lig_dp_it,812652068X,IT Books,"Paperback

₹704.00",2025-07-21T20:09:38.465644
Multithreaded JavaScript: Concurrency Beyond the Event Loop (Grayscale Indian Edition),"Thomas Hunter, Bryan English",850.0,216,33,4.4,3.935185185185185,https://www.amazon.in/dp/935542051X/?coliid=I1VRJZS5NH8ZJB&colid=OPIB1KQBJDHR&psc=1&ref_=list_c_wl_lv_vv_lig_dp_it,935542051X,IT Books,"Paperback

₹850.00",2025-07-21T20:09:43.432494
Badass: Making Users Awesome (Greyscale Indian Edition),Kathy Sierra,875.0,316,251,4.5,2.768987341772152,https://www.amazon.in/dp/9351109909/?coliid=I16ROHJSYMWM31&colid=OPIB1KQBJDHR&psc=1&ref_=list_c_wl_lv_vv_lig_dp_it,9351109909,IT Books,"Paperback

₹875.00",2025-07-21T20:09:44.047313
SVG Animations: From Common UX Implementations to Complex Responsive Animation,Sarah Drasner,950.0,244,65,4.2,3.8934426229508197,https://www.amazon.in/dp/9352135458/?coliid=I4M0U9ABWU5L5&colid=OPIB1KQBJDHR&psc=1&ref_=list_c_wl_lv_vv_lig_dp_it,9352135458,IT Books,"Paperback

₹950.00",2025-07-21T20:09:49.031598
"JavaScript Everywhere: Building Cross-Platform Applications with GraphQL, React, React Native, and Electron (Greyscale Indian Edition)",Adam D. Scott,1325.0,344,66,4.4,3.8517441860465116,https://www.amazon.in/dp/9352139658/?coliid=IIGX6I1S7PWFC&colid=OPIB1KQBJDHR&psc=1&ref_=list_c_wl_lv_vv_lig_dp_it,9352139658,IT Books,Unknown,2025-07-21T20:09:48.965712
Multithreaded JavaScript,"II Hunter, Thomas, Bryan English",4630.0,194,33,4.4,23.8659793814433,https://www.amazon.in/dp/1098104439/?coliid=I2P8WXSH1UIT6N&colid=OPIB1KQBJDHR&psc=1&ref_=list_c_wl_lv_vv_lig_dp_it,1098104439,IT Books,"Paperback

₹4,630.00",2025-07-21T20:09:51.551768
Distributed Systems with Node.js: Building Enterprise-Ready Backend Services (Grayscale Indian Edition),Thomas Hunter II,1500.0,388,95,4.5,3.865979381443299,https://www.amazon.in/dp/9385889494/?coliid=IHRI3RC6CNMO2&colid=OPIB1KQBJDHR&psc=1&ref_=list_c_wl_lv_vv_lig_dp_it,9385889494,IT Books,Unknown,2025-07-21T20:09:55.502856
Design for How People Think: Using Brain Science to Build Better Products,John Whalen,950.0,240,171,4.5,3.9583333333333335,https://www.amazon.in/dp/9352138244/?coliid=I1J2DXZOMVVJ4Y&colid=OPIB1KQBJDHR&psc=1&ref_=list_c_wl_lv_vv_lig_dp_it,9352138244,IT Books,"Paperback

₹950.00",2025-07-21T20:09:59.919538
"UX Strategy: Product Strategy Techniques for Devising Innovative Digital Solutions, Second Edition (Grayscale Indian Edition)",Jaime Levy,1175.0,304,175,4.6,3.8651315789473686,https://www.amazon.in/dp/8194722985/?coliid=I27ER4AREEJSTT&colid=OPIB1KQBJDHR&psc=1&ref_=list_c_wl_lv_vv_lig_dp_it,8194722985,IT Books,"Paperback

₹1,175.00",2025-07-21T20:10:00.440915
Efficient Linux at the Command Line: Boost Your Command-Line Skills (Grayscale Indian Edition),Daniel J. Barrett,1000.0,248,102,4.7,4.032258064516129,https://www.amazon.in/dp/935542177X/?coliid=I18M41N15LT0QX&colid=OPIB1KQBJDHR&psc=1&ref_=list_c_wl_lv_vv_lig_dp_it,935542177X,IT Books,"Paperback

₹1,000.00",2025-07-21T20:10:03.911020
"Computer Organization & Architecture, 11e",Stallings,752.0,896,67,4.7,0.8392857142857143,https://www.amazon.in/dp/9356061599/?coliid=I243172RRNEQHF&colid=OPIB1KQBJDHR&psc=1&ref_=list_c_wl_lv_vv_lig_dp_it,9356061599,IT Books,"Paperback

₹752.00",2025-07-21T20:10:05.606018
Node.js Design Patterns - Third edition: Design and implement production-grade Node.js applications using proven patterns and techniques,"Mario Casciaro, Luciano Mammino",3357.0,664,310,4.6,5.055722891566265,https://www.amazon.in/dp/1839214112/?coliid=IWBYDJZI28BW0&colid=OPIB1KQBJDHR&psc=1&ref_=list_c_wl_lv_vv_lig_dp_it,1839214112,IT Books,"Paperback

₹3,357.00",2025-07-21T20:10:08.651817
Learning JavaScript Design Patterns: A JavaScript and React Developer's Guide,Addy Osmani,3999.0,279,46,4.0,14.333333333333334,https://www.amazon.in/dp/1098139879/?coliid=I1ZNZYDKDBBHXZ&colid=OPIB1KQBJDHR&psc=1&ref_=list_c_wl_lv_vv_lig_dp_it,1098139879,IT Books,"Paperback

₹3,999.00",2025-07-21T20:10:08.652172
The Rules of Programming: How to Write Better Code (Grayscale Indian Edition),Chris Zimmerman,1350.0,344,,,3.9244186046511627,https://www.amazon.in/dp/9355423780/?coliid=IQLHOQXGHQYUP&colid=OPIB1KQBJDHR&psc=1&ref_=list_c_wl_lv_vv_lig_dp_it,9355423780,IT Books,"Paperback

₹1,350.00",2025-07-21T20:10:13.759760
